"","finalGene","nfur.all.pval_1","nfur.all.fdr_1","nfur.all.fg_1","nfur.all.bg_1","nfur.all.FC_1","nfur.all.logFC_1","nfur.all.Escore_1","nfur.all.clusterId_1","aaul.all.pval_1","aaul.all.fdr_1","aaul.all.fg_1","aaul.all.bg_1","aaul.all.FC_1","aaul.all.logFC_1","aaul.all.Escore_1","aaul.all.clusterId_1","ast.all.pval_1","ast.all.fdr_1","ast.all.fg_1","ast.all.bg_1","ast.all.FC_1","ast.all.logFC_1","ast.all.Escore_1","ast.all.clusterId_1","olat.all.pval_1","olat.all.fdr_1","olat.all.fg_1","olat.all.bg_1","olat.all.FC_1","olat.all.logFC_1","olat.all.Escore_1","olat.all.clusterId_1","drer.all.pval_1","drer.all.fdr_1","drer.all.fg_1","drer.all.bg_1","drer.all.FC_1","drer.all.logFC_1","drer.all.Escore_1","drer.all.clusterId_1"
"ARNT(HIF1B)","ARNT(HIF1B)",0.01,0.0144,11.18,9.33,1.04213135068154,0.0179224610758418,0,77,1,1,7.98,8.1,0.898061288305191,-0.0466940238399532,0,77,1,1,6.84,8.11,0.843403205918619,-0.0739647524910398,0,77,0.01,0.1227,8.78,7.85,1.11847133757962,0.04862485916085,0,77,1,1,8.92,8.72,1.02293577981651,0.00984836944355583,0,77
"ARNTL","ARNTL",1e-05,0,24.32,19.94,1.21965897693079,0.0862384166250604,0.431192083125302,13,1,1,17.19,17.22,0.998257839721254,-0.000757270430583491,0,13,1,1,17.42,17.73,0.982515510434292,-0.00766058492927339,0,13,0.1,0.2196,21.09,18.14,1.16262403528115,0.0654392970154099,0.0654392970154099,13,1,1,14.42,17.46,0.825887743413517,-0.0830789789861407,0,13
"ATF1","ATF1",0.001,0.0014,10.27,8.03,1.27895392278954,0.106854898318597,0.320564694955792,97,0.1,0.1978,9.72,8.32,1.16826923076923,0.0675429386355507,0.0675429386355507,97,1,0.8101,8.78,8.42,1.04275534441805,0.018182424406453,0,97,1,0.8786,8.55,8.49,1.00706713780919,0.00305842448421999,0,97,1,1,7.55,8.33,0.906362545018007,-0.0426980497775994,0,97
"ATF2","ATF2",1e-05,0,6.12,4,1.53,0.184691430817599,0.923457154087994,96,0.1,0.2707,4.57,3.71,1.23180592991914,0.0905422904548044,0.0905422904548043,96,1,0.6694,4.1,3.71,1.10512129380054,0.0434099471046896,0,96,1,0.9176,3.76,3.78,0.994708994708995,-0.00230395490956436,0,96,1,1,2.75,3.55,0.774647887323944,-0.110895659224831,0,96
"ATF3","ATF3",0.001,0.0012,7.18,5.29,1.35727788279773,0.132668772207115,0.398006316621344,17,1,1,5.44,5.89,0.923599320882852,-0.0345163950889217,0,17,1,0.8783,6.12,5.98,1.02341137123746,0.0100502381571503,0,17,1,0.6671,6.39,5.64,1.13297872340426,0.0542217541750579,0,17,1,1,5.72,5.42,1.05535055350553,0.0233967422546372,0,17
"BACH1","BACH1",0.1,0.0977,0.8,0.48,1.66666666666667,0.221848749616356,0.221848749616356,17,1,0.8983,0.51,0.41,1.24390243902439,0.0947863193782009,0,17,1,0.7201,0.58,0.44,1.31818181818182,0.11997531707675,0,17,1,0.7838,0.57,0.45,1.26666666666667,0.102662341897148,0,17,1,1,0.23,0.31,0.741935483870968,-0.12963385781668,0,17
"BACH2","BACH2",0.001,5e-04,2.71,1.53,1.77124183006536,0.248277860056807,0.744833580170421,17,0.1,0.3172,1.89,1.37,1.37956204379562,0.139741237016837,0.139741237016837,17,0.1,0.3048,2.02,1.48,1.36486486486486,0.135089654051666,0.135089654051666,17,1,0.6994,1.71,1.34,1.27611940298507,0.105891312027346,0,17,1,1,1.14,1,1.14,0.0569048513364726,0,17
"BATF","BATF",0.001,6e-04,7.13,5.14,1.38715953307393,0.14212641085659,0.426379232569769,17,1,1,5.44,5.86,0.928327645051195,-0.0322987163199107,0,17,1,0.7487,6.48,6.07,1.06754530477759,0.0283863147953357,0,17,1,0.6261,6.5,5.52,1.17753623188406,0.0709742789136567,0,17,1,1,5.49,5.18,1.05984555984556,0.0252425847048589,0,17
"BHLHE40","BHLHE40",0.01,0.0209,4.58,3.45,1.32753623188406,0.123046382930595,0.24609276586119,13,1,1,2.39,2.78,0.859712230215827,-0.0656468949699386,0,13,1,0.8783,2.74,2.63,1.04182509505703,0.0177948143306301,0,13,1,0.8531,2.85,2.74,1.04014598540146,0.0170942971881222,0,13,1,1,1.6,2.63,0.608365019011407,-0.215835765833833,0,13
"bHLHE41","bHLHE41",0.1,0.0598,14.21,12.61,1.1268834258525,0.0518789913543882,0.0518789913543882,13,1,1,10.37,11.25,0.921777777777778,-0.0353737660583404,0,13,1,1,10.3,11.17,0.922112802148612,-0.0352159484104368,0,13,1,0.6261,11.86,10.59,1.11992445703494,0.0491887289207587,0,13,1,1,9.61,10.69,0.898971000935454,-0.0462543175402327,0,13
"CDX2","CDX2",0.01,0.0168,6.44,5.06,1.27272727272727,0.104735350520013,0.209470701040026,103,1,1,10.22,11.3,0.904424778761062,-0.0436275476847258,0,103,1,1,10.3,10.89,0.945821854912764,-0.0241906550506027,0,103,0.1,0.4499,11.06,9.42,1.17409766454352,0.0697042241758021,0.069704224175802,103,1,1,10.98,11.01,0.997275204359673,-0.00118497885767864,0,103
"CDX4","CDX4",0.01,0.0252,9.05,7.52,1.20345744680851,0.0804307386135611,0.160861477227122,32,1,1,12.84,14.27,0.89978976874562,-0.0458589493818125,0,32,1,1,12.96,13.78,0.940493468795356,-0.0266442160370324,0,32,0.1,0.5508,13.68,12.17,1.1240755957272,0.0507955191540324,0.0507955191540324,32,1,1,14.65,13.78,1.06313497822932,0.0265884071185213,0,32
"CEBPB","CEBPB",0.01,0.0233,6.07,4.8,1.26458333333333,0.10194745369967,0.203894907399341,165,1,1,6.16,6.7,0.919402985074627,-0.036494090536401,0,165,1,0.8157,6.91,6.6,1.0469696969697,0.0199341118323298,0,165,1,0.7995,7.41,7.11,1.042194092827,0.0179486072495618,0,165,1,1,7.78,8.37,0.929510155316607,-0.031745861003571,0,165
"CLOCK","CLOCK",0.01,0.0054,7.72,5.99,1.28881469115192,0.110190477946425,0.220380955892849,13,1,1,4.5,4.92,0.914634146341463,-0.0387525889920166,0,13,1,0.4794,5.47,4.81,1.13721413721414,0.055842249959599,0,13,1,1,4.9,5.29,0.926275992438563,-0.0332595920066721,0,13,1,1,3.66,4.44,0.824324324324324,-0.0839018847202092,0,13
"CTCF","CTCF",1e-12,0,4.2,1.67,2.51497005988024,0.400532819250317,4.80639383100381,83,0.1,0.3371,2.54,1.96,1.29591836734694,0.112577645263462,0.112577645263462,83,1,0.4008,2.52,2.01,1.25373134328358,0.0982044833610552,0,83,0.1,0.2344,2.51,1.53,1.64052287581699,0.214982290663439,0.214982290663439,83,0.1,1,2.75,1.77,1.55367231638418,0.191359427468456,0.191359427468456,83
"CTCFL","CTCFL",1e-07,0,4.74,2.57,1.8443579766537,0.265845218342791,1.86091652839953,83,1,0.4997,2.47,2.01,1.22885572139303,0.0895008958391769,0,83,1,0.5646,2.45,2.06,1.18932038834951,0.0752988639953791,0,83,0.1,0.2143,2.96,1.83,1.61748633879781,0.208840621328509,0.208840621328509,83,0.1,1,2.97,1.97,1.50761421319797,0.178290223155619,0.178290223155619,83
"E2F3","E2F3",0.1,0.0874,5.06,4.17,1.21342925659472,0.0840144618660416,0.0840144618660416,5,1,1,2.9,3.14,0.923566878980892,-0.0345316501742589,0,5,0.1,0.1009,4.03,2.98,1.35234899328859,0.131088782064854,0.131088782064854,5,1,1,3.76,3.98,0.944723618090452,-0.0246952271460268,0,5,1,1,3.43,3.14,1.09235668789809,0.0383644719695556,0,5
"EBOX_promoter","EBOX_promoter",1e-05,0,1.97,0.85,2.31764705882353,0.3650473004473,1.8252365022365,13,1,1,0.65,0.67,0.970149253731343,-0.0131614460579708,0,13,1,1,0.58,0.72,0.805555555555556,-0.0939045028683312,0,13,1,0.8944,0.8,0.77,1.03896103896104,0.0165992618194618,0,13,1,1,0.46,0.75,0.613333333333333,-0.212303431710126,0,13
"EGR2","EGR2",0.01,0.0142,2.45,1.61,1.52173913043478,0.182340208332683,0.364680416665366,19,1,1,1.23,1.18,1.04237288135593,0.0180231041332726,0,19,0.1,0.2355,1.8,1.24,1.45161290322581,0.161850819941071,0.161850819941071,19,1,0.702,1.71,1.35,1.26666666666667,0.102662341897148,0,19,1,1,0.92,0.94,0.978723404255319,-0.00934002625414335,0,19
"ERRG(NR)","ERRG(NR)",1e-04,1e-04,11.5,8.62,1.33410672853828,0.125190574528899,0.500762298115596,155,0.1,0.1788,7.61,6.33,1.20221169036335,0.0799809467532177,0.0799809467532177,155,1,1,6.26,6.48,0.966049382716049,-0.0150006726601637,0,155,1,0.7577,6.96,6.5,1.07076923076923,0.0296958829677065,0,155,1,1,4.81,6.14,0.783387622149837,-0.106023294767336,0,155
"ESRRA(NR)","ESRRA(NR)",0.001,0.0019,23.95,20.74,1.15477338476374,0.0624967656975599,0.18749029709268,170,1,0.7609,16.1,15.44,1.04274611398964,0.0181785800321324,0,170,1,0.9423,15.98,16.02,0.997503121098627,-0.00108573677024622,0,170,1,0.6534,17.22,15.99,1.07692307692308,0.0321846833714012,0,170,1,1,14.87,14.01,1.06138472519629,0.0258728332361796,0,170
"ESRRB(NR)","ESRRB(NR)",0.01,0.0219,8.94,7.38,1.21138211382114,0.0832811569728761,0.166562313945752,154,1,0.7661,5.8,5.39,1.0760667903525,0.0318392283761986,0,154,1,1,5.11,5.4,0.946296296296296,-0.0239728596882558,0,154,1,0.9791,5.36,5.56,0.964028776978417,-0.0159100018892874,0,154,1,1,3.43,4.91,0.69857433808554,-0.155787372080198,0,154
"ETV4","ETV4",0.1,0.0963,12.88,11.54,1.11611785095321,0.0477100542040807,0.0477100542040807,24,1,1,9.28,10.53,0.881291547958215,-0.0548803949666245,0,24,1,1,8.14,10.62,0.766478342749529,-0.115500111856249,0,24,1,1,8.55,10.83,0.789473684210526,-0.102662341897148,0,24,1,1,8.24,7.82,1.0537084398977,0.0227204586372678,0,24
"FOS","FOS",0.001,0.0022,8.3,6.35,1.30708661417323,0.116304367084098,0.348913101252295,17,1,1,6.16,6.89,0.894049346879536,-0.0486385097432003,0,17,1,0.9683,6.84,6.94,0.985590778097983,-0.00630336873473865,0,17,1,0.702,7.18,6.51,1.10291858678955,0.0425434556741084,0,17,1,1,5.72,6.03,0.948590381426202,-0.0229212833471272,0,17
"FOSL1","FOSL1",0.01,0.0042,5.85,4.32,1.35416666666667,0.131672119267268,0.263344238534537,17,1,1,4.42,4.84,0.913223140495868,-0.0394230922953205,0,17,1,0.7487,5.33,4.96,1.07459677419355,0.0312455325363748,0,17,1,0.702,5.25,4.7,1.11702127659574,0.0480614454702394,0,17,1,1,4.35,4.58,0.949781659388646,-0.0223762210492319,0,17
"FOSL2","FOSL2",0.001,0.0029,4.04,2.74,1.3142144638404,0.118666242592364,0.237332485184728,17,1,1,2.54,2.55,0.891566265060241,-0.0498463726450977,0,17,0.1,0.3753,3.31,2.69,1.12354312354312,0.0505897460541254,0,17,0.1,0.3449,3.53,2.46,1.10471204188482,0.0432490880499651,0,17,1,1,1.83,1.93,0.891364902506964,-0.0499444702584131,0,17
"FOXA1","FOXA1",1e-06,0,0.59,0.61,0.967213114754098,-0.0144778233686229,0,28,1,1,0.8,1.08,0.740740740740741,-0.130333768495006,0,28,1,0.609,1.01,1.02,0.990196078431373,-0.00427879797927497,0,28,0.1,0.3355,1.03,0.98,1.05102040816327,0.0216111490126773,0,28,0.01,1,1.14,1.15,0.991304347826087,-0.00379298901713902,0,28
"FOXA2","FOXA2",1e-08,0,10.91,7.28,1.28101802757158,0.107555241547785,0.430220966191139,30,1,1,11.17,11.23,0.970460469157255,-0.0130221505141827,0,30,1,0.3971,11.45,11.06,0.995652173913043,-0.00189235367770492,0,30,1,0.6536,11.29,10.28,1.07427536231884,0.0311156156350637,0,30,0.1,1,13.04,11.54,1.08939014202172,0.0371834409894907,0,30
"FOXA3","FOXA3",1e-06,0,4.9,2.79,1.75627240143369,0.244591876754916,1.4675512605295,29,1,1,4.42,4.98,0.887550200803213,-0.0518070734106257,0,29,1,0.8748,4.9,4.74,1.0337552742616,0.0144177383544286,0,29,1,0.702,4.45,3.91,1.1381074168798,0.0561832535850648,0,29,0.1,1,6.41,4.79,1.33820459290188,0.126522516104254,0.126522516104254,29
"FOXD3","FOXD3",1e-04,5e-04,10.54,8.08,1.30445544554455,0.115429250101942,0.461717000407766,30,1,1,13.05,14.71,0.887151597552685,-0.0520021610532303,0,30,1,1,13.53,14.27,0.948142957252978,-0.023126176517024,0,30,1,0.702,13.57,12.63,1.07442596991291,0.0311764971044063,0,30,1,1,12.59,13.38,0.940956651718983,-0.0264303833239418,0,30
"FOXF1","FOXF1",1e-05,0,11.76,8.56,1.37383177570093,0.137933557062966,0.689667785314832,30,1,1,15.66,15.77,0.993024730500951,-0.00303993560697826,0,30,1,0.9374,15.69,15.69,1,0,0,30,1,0.7915,14.03,13.61,1.03085966201323,0.0131995458250252,0,30,1,1,16.7,16.82,0.992865636147443,-0.0031095203143101,0,30
"FOXK1","FOXK1",1e-07,0,15.33,11.1,1.38108108108108,0.140219176067718,0.981534232474024,30,1,1,15.74,16.88,0.932464454976303,-0.0303677142665905,0,30,1,0.9757,16.56,16.79,0.986301369863014,-0.00599036368918746,0,30,1,0.7577,15.74,15.07,1.04445919044459,0.0188914757084139,0,30,1,1,16.7,16.8,0.994047619047619,-0.00259281057827961,0,30
"FOXK2","FOXK2",1e-06,0,10.06,6.96,1.44540229885057,0.159988741109346,0.959932446656079,30,1,1,9.5,9.62,0.987525987525988,-0.00545146674896515,0,30,1,0.5099,10.3,9.45,1.08994708994709,0.0374054161959093,0,30,1,0.7084,9.35,8.68,1.07718894009217,0.0322918856960259,0,30,1,1,10.76,9.49,1.13382507903056,0.0545460589030777,0,30
"FOXL2","FOXL2",1e-06,0,11.12,7.73,1.4385510996119,0.157925293327714,0.947551759966282,30,1,1,12.55,14.36,0.873955431754875,-0.0585107140892245,0,30,1,0.9693,14.04,14.19,0.989429175475687,-0.00461528766368754,0,30,1,1,11.74,12.17,0.964667214461791,-0.0156224813184693,0,30,1,1,15.56,14.86,1.04710632570659,0.0199907832291136,0,30
"FOXM1","FOXM1",1e-05,0,11.34,8.23,1.3778857837181,0.139213219344618,0.69606609672309,30,1,1,13.71,14.31,0.958071278825996,-0.0186021789702637,0,30,1,0.8473,14.33,13.99,1.02430307362402,0.0104284759055168,0,30,1,0.7577,13.57,13.05,1.03984674329502,0.0169693359854373,0,30,0.1,1,18.08,15.49,1.1672046481601,0.0671470083801385,0.0671470083801385,30
"FOXO1","FOXO1",1e-10,0,26.5,20.25,1.30864197530864,0.11682084638612,1.1682084638612,94,1,0.7183,24.08,23.25,1.03569892473118,0.0152335253598142,0,94,0.1,0.3513,24.77,23.15,1.06997840172786,0.029375011231865,0.029375011231865,94,0.01,0.1564,24.97,21.45,1.16410256410256,0.0659912458306047,0.131982491661209,94,1,1,23.57,21.42,1.10037348272642,0.0415401160284869,0,94
"FOXO3","FOXO3",1e-10,0,12.56,8.04,1.56218905472637,0.193733590652726,1.93733590652726,30,1,1,12.26,12.7,0.965354330708662,-0.0153132507735606,0,30,1,0.8283,13.17,12.79,1.02971071149335,0.0127152304831299,0,30,0.1,0.482,12.77,11.2,1.14017857142857,0.0569728745932337,0.0569728745932337,30,1,1,13.27,12.61,1.05233941316416,0.0221558362913539,0,30
"FOXP1","FOXP1",1e-07,0,7.98,4.95,1.61212121212121,0.207397692417161,1.45178384692012,30,1,1,7.69,7.6,1.01184210526316,0.00511274752063968,0,30,0.1,0.3148,8.57,7.47,1.14725568942436,0.0596602201077994,0.0596602201077994,30,0.1,0.5508,7.64,6.49,1.17719568567026,0.0708486617753207,0.0708486617753206,30,1,1,7.55,7.47,1.01070950468541,0.00462634981378942,0,30
"GFI1B","GFI1B",0.1,0.0991,6.87,5.88,1.16836734693878,0.067579410983412,0.067579410983412,54,1,1,6.09,6.79,0.896907216494845,-0.0472524816476264,0,54,1,1,6.34,6.81,0.930983847283407,-0.0310578540310525,0,54,1,0.702,6.61,6,1.10166666666667,0.0420502091019967,0,54,0.1,1,8.24,6.51,1.26574500768049,0.102346223128924,0.102346223128924,54
"HLF","HLF",0.001,0.0024,7.34,5.52,1.32971014492754,0.123756982186872,0.371270946560615,128,1,1,8.48,9.33,0.908896034297964,-0.0414857914897861,0,128,1,0.8783,9.29,9.1,1.02087912087912,0.00897432167254813,0,128,0.1,0.5284,9.81,8.48,1.15683962264151,0.0632731551232347,0.0632731551232347,128,1,1,13.04,11.46,1.13787085514834,0.0560929737645301,0,128
"HNF4A(NR)","HNF4A(NR)",1e-12,0,7.45,3.8,1.96052631578947,0.292372676131483,3.50847211357779,22,1,1,3.41,3.31,1.03021148036254,0.012926385216779,0,22,1,0.974,3.24,3.33,0.972972972972973,-0.0118992232997077,0,22,1,0.6261,4.22,3.44,1.22674418604651,0.0887540083901437,0,22,1,1,3.2,2.72,1.17647058823529,0.0705810742857074,0,22
"HOXA1","HOXA1",1e-04,1e-04,4.42,2.7,1.63703703703704,0.214058505190105,0.856234020760418,10,1,0.9784,3.55,3.41,1.04105571847507,0.0174739740625964,0,10,1,0.794,3.74,3.48,1.07471264367816,0.0312923582538992,0,10,0.1,0.2196,4.9,3.45,1.42028985507246,0.15237698495524,0.15237698495524,10,0.1,1,5.26,3.74,1.40641711229947,0.148114141953259,0.148114141953259,10
"HOXA11","HOXA11",0.001,0.0022,24.11,20.94,1.15138490926457,0.0612205330346301,0.18366159910389,32,1,1,29.59,33.52,0.882756563245823,-0.0541590447976059,0,32,1,1,28.65,32.35,0.885625965996909,-0.0527496587013105,0,32,1,1,29.76,31.14,0.955684007707129,-0.0196856813582604,0,32,1,1,33.64,33.69,0.998515880083111,-0.000645023855245636,0,32
"HOXA2","HOXA2",0.1,0.0424,1.6,1.03,1.55339805825243,0.191282757950753,0.191282757950753,10,1,1,1.16,1.13,1.02654867256637,0.0113795457434988,0,10,1,0.649,1.37,1.12,1.22321428571429,0.0875025444862251,0,10,0.1,0.4598,2.05,1.39,1.47482014388489,0.168739060801659,0.168739060801659,10,1,1,1.6,1.33,1.20300751879699,0.080268341688839,0,10
"HOXA9","HOXA9",0.01,0.0266,26.88,24.47,1.09848794442174,0.0407952950299985,0.081590590059997,32,1,1,30.24,33.08,0.914147521160822,-0.0389837140513402,0,32,1,1,30.81,32.72,0.941625916870416,-0.0261215966823448,0,32,1,0.6261,34.21,32.33,1.05815032477575,0.0245473695735065,0,32,1,1,35.7,34.62,1.03119584055459,0.0133411525728182,0,32
"HOXB13","HOXB13",1e-04,1e-04,11.71,8.85,1.32316384180791,0.121613624374538,0.486454497498151,32,1,1,13.2,15.9,0.830188679245283,-0.0808231931146016,0,32,1,1,13.82,15.07,0.917053749170538,-0.0376052092764522,0,32,0.1,0.524,15.28,13.64,1.12023460410557,0.049308983919211,0.049308983919211,32,1,1,16.93,14.74,1.14857530529172,0.0601594745859025,0,32
"HOXB4","HOXB4",1e-05,0,3.51,1.86,1.88709677419355,0.275794172247908,1.37897086123954,10,1,1,2.47,2.4,1.02916666666667,0.0124857115480597,0,10,1,0.4419,2.81,2.3,1.22173913043478,0.086978483887487,0,10,0.1,0.3449,2.96,1.99,1.48743718592965,0.172438634649232,0.172438634649232,10,0.1,1,3.66,2.26,1.61946902654867,0.20937264624701,0.20937264624701,10
"HOXD11","HOXD11",1e-05,0,25.44,21.24,1.19774011299435,0.0783625945669448,0.391812972834724,31,1,1,28.86,33.16,0.870325693606755,-0.0603181951207605,0,31,1,1,28.8,31.73,0.907658367475575,-0.0420775843411814,0,31,1,0.9508,30.56,30.84,0.990920881971466,-0.00396101947526708,0,31,1,1,34.1,33.05,1.03177004538578,0.0135829151708387,0,31
"HOXD12","HOXD12",0.01,0.0266,16.18,14.21,1.13863476425053,0.0563844393487837,0.112768878697567,32,1,1,20.81,23.86,0.872170997485331,-0.0593983591226961,0,32,1,1,20.88,23.06,0.905464006938422,-0.0431288086284556,0,32,1,0.6261,23.72,22.11,1.07281772953415,0.0305259421135111,0,32,1,1,25.17,25.84,0.974071207430341,-0.0114092937746837,0,32
"HRE","HRE",0.1,0.0597,1.76,1.2,1.46666666666667,0.166331421766525,0.166331421766525,148,1,1,1.31,1.28,1.0234375,0.0100613260078959,0,148,1,1,1.08,1.36,0.794117647058824,-0.100115152883268,0,148,1,1,0.91,1.15,0.791304347826087,-0.101656448032518,0,148,1,1,0.69,1.22,0.565573770491803,-0.247510739937493,0,148
"IRF1","IRF1",0.01,0.0229,1.44,0.85,1.69411764705882,0.228943566380957,0.457887132761914,53,1,1,1.16,1.68,0.69047619047619,-0.160851292498944,0,53,1,1,1.08,1.56,0.692307692307692,-0.159700842867512,0,53,1,0.702,1.6,1.29,1.24031007751938,0.0935302723566758,0,53,1,1,0.69,1.49,0.463087248322148,-0.334337177675019,0,53
"ISRE(STAT1/STAT2/IRF9)","ISRE(STAT1/STAT2/IRF9)",0.1,0.0427,0.75,0.38,1.97368421052632,0.29527766677489,0.29527766677489,53,1,1,0.51,0.85,0.6,-0.221848749616356,0,53,1,1,0.43,0.73,0.589041095890411,-0.229854404540869,0,53,1,0.7577,0.68,0.54,1.25925925925926,0.100115152883268,0,53,1,1,0.69,0.77,0.896103896103896,-0.0476416344352266,0,53
"JunB","JunB",0.001,0.0021,6.28,4.58,1.37117903930131,0.137094165733327,0.411282497199981,17,1,1,4.79,4.8,0.997916666666667,-0.000905723961023995,0,17,0.1,0.3657,5.83,5,1.166,0.0666985504229952,0.0666985504229952,17,1,0.8112,4.79,4.57,1.04814004376368,0.020419313344713,0,17,1,1,4.12,4.26,0.967136150234742,-0.0145123830695843,0,17
"JUND","JUND",0.1,0.034,2.02,1.36,1.48529411764706,0.171812461076406,0.171812461076406,98,0.1,0.1979,2.03,1.4,1.45,0.161368002234975,0.161368002234975,98,1,0.8473,1.51,1.38,1.09420289855072,0.039097860891933,0,98,1,0.7577,1.6,1.36,1.17647058823529,0.0705810742857074,0,98,1,1,0.92,1.31,0.702290076335878,-0.153483468310209,0,98
"KLF3","KLF3",0.001,6e-04,5.91,4.1,1.44146341463415,0.15880362416152,0.47641087248456,35,0.1,0.1243,3.84,2.85,1.34736842105263,0.129486364359021,0.129486364359021,35,1,0.8783,3.02,2.91,1.03780068728522,0.0161139539712433,0,35,1,1,2.96,4.11,0.720194647201946,-0.142550110817131,0,35,1,1,2.75,2.76,0.996376811594203,-0.00157638823495501,0,35
"KLF5","KLF5",1e-09,0,16.71,11.75,1.42212765957447,0.152938583285636,1.37644724957073,34,0.1,0.2197,9.57,8.24,1.16140776699029,0.0649847260797278,0.0649847260797278,34,1,0.9374,8.28,8.25,1.00363636363636,0.00157638823495507,0,34,1,1,8.67,10.22,0.848336594911937,-0.0714317983224836,0,34,1,1,7.55,6.64,1.13704819277108,0.0557788722611707,0,34
"KLF6","KLF6",1e-06,0,12.61,8.99,1.40266963292547,0.146955394839853,0.881732369039117,35,0.1,0.2238,7.54,6.36,1.18553459119497,0.0739142302213601,0.0739142302213601,35,1,0.7813,6.62,6.26,1.05750798722045,0.0242836562292703,0,35,1,1,7.64,8.03,0.951432129514321,-0.021622186702991,0,35,1,1,4.58,6.08,0.753289473684211,-0.123038101268866,0,35
"KLF9","KLF9",1e-06,0,6.07,3.61,1.6814404432133,0.2256814891696,1.3540889350176,35,0.1,0.1969,3.41,2.58,1.32170542635659,0.121134673029268,0.121134673029268,35,0.1,0.3797,3.17,2.57,1.23346303501946,0.091126138886457,0.091126138886457,35,1,1,3.08,3.44,0.895348837209302,-0.0480077260710858,0,35,1,1,2.29,2.33,0.982832618025751,-0.00752043868613098,0,35
"MAX","MAX",0.01,0.0268,7.45,6.08,1.22532894736842,0.0882526934755579,0.176505386951116,13,1,1,5,4.95,1.01010101010101,0.00436480540245011,0,13,1,0.805,5.33,5.03,1.0596421471173,0.0251592239706448,0,13,1,0.702,5.93,5.28,1.12310606060606,0.0504207708304503,0,13,1,1,3.43,5.36,0.639925373134328,-0.193870669649999,0,13
"MEF2C","MEF2C",0.1,0.0597,3.03,2.28,1.32894736842105,0.123507781501851,0.123507781501851,45,1,1,5,5.46,0.915750915750916,-0.0382226383687184,0,45,1,0.9374,5.33,5.33,1,0,0,45,1,1,4.33,4.84,0.894628099173554,-0.048357465291047,0,45,1,1,5.26,5.94,0.885521885521886,-0.0528007008274544,0,45
"MEIS1","MEIS1",1e-06,0,24.64,20,1.232,0.0906107078284066,0.54366424697044,174,1,1,16.82,17.01,0.988830099941211,-0.00487832215067569,0,174,1,1,16.99,17.43,0.974756167527252,-0.0111040082409476,0,174,1,0.6261,19.61,18.18,1.07865786578658,0.0328837147818354,0,174,1,1,16.48,16.81,0.980368828078525,-0.00861050607837397,0,174
"MITF","MITF",1e-08,0,12.67,8.57,1.47841306884481,0.169795792960243,1.35836634368195,139,0.1,0.196,8.99,7.63,1.17824377457405,0.0712351537783483,0.0712351537783483,139,1,0.8783,8.06,7.88,1.02284263959391,0.00980882431553538,0,139,1,0.6536,9.01,8.09,1.11372064276885,0.0467762693667907,0,139,1,1,7.55,7.56,0.998677248677249,-0.000574843872018321,0,139
"MNT","MNT",0.01,0.0228,12.24,10.44,1.17241379310345,0.0690809191432991,0.138161838286598,144,1,0.9263,8.85,8.56,1.0338785046729,0.0144695060206722,0,144,1,0.7304,9.22,8.72,1.05733944954128,0.0242144361210621,0,144,1,0.6261,10.83,9.74,1.11190965092402,0.0460694997467049,0,144,1,1,8.24,9.56,0.861924686192469,-0.0645306805789843,0,144
"MYB","MYB",0.1,0.0854,20.76,19.06,1.08919202518363,0.0371044528741127,0.0371044528741127,21,1,1,18.2,20.17,0.90233019335647,-0.0446345102276907,0,21,1,1,19.15,19.91,0.961828227021597,-0.016902481722768,0,21,1,0.9379,21.09,21.26,0.992003762935089,-0.00348668044779159,0,21,1,1,21.51,22.36,0.961985688729875,-0.0168313888269231,0,21
"MYBL1","MYBL1",0.01,0.026,18.31,16.22,1.1288532675709,0.0526374944265593,0.105274988853119,21,1,1,16.17,17.11,0.945061367621274,-0.0245399896346991,0,21,1,1,16.05,17.11,0.938047925189948,-0.0277749728002093,0,21,1,0.6261,19.95,18.41,1.08365019011407,0.0348891115187523,0,21,1,1,17.62,18.38,0.958650707290533,-0.0183396029740633,0,21
"NFE2L2","NFE2L2",0.1,0.0664,0.48,0.33,1.37142857142857,0.137173193025312,0,17,1,0.4712,0.22,0.3,0.647058823529412,-0.189056236220049,0,17,1,0.8783,0.36,0.36,1,0,0,17,1,0.7796,0.34,0.35,0.894736842105263,-0.048304679574555,0,17,1,1,0,0.25,0,-0.11539341870207,0,17
"NFIL3","NFIL3",1e-04,3e-04,7.4,5.26,1.40684410646388,0.148245975577237,0.592983902308948,127,1,1,8.27,8.52,0.970657276995305,-0.0129340852141535,0,127,1,0.8974,8.14,8.05,1.0111801242236,0.00482852452133272,0,127,1,0.702,8.55,7.81,1.09475032010243,0.0393150808508724,0,127,1,1,9.15,9.74,0.939425051334702,-0.0271378628121673,0,127
"NKX3-1","NKX3-1",0.001,0.0033,23.58,20.56,1.14688715953307,0.0595206904358322,0.178562071307497,11,1,1,20.38,20.64,0.987403100775194,-0.00550551328476616,0,11,1,0.9374,21.02,21.02,1,0,0,11,1,1,18.47,20.9,0.883732057416268,-0.0536793906708126,0,11,1,1,23.34,22.61,1.03228659885007,0.0138002893639917,0,11
"NKX3-2","NKX3-2",0.1,0.0472,22.3,20.28,1.09960552268245,0.0412369123868623,0.0412369123868623,11,1,1,18.64,20.87,0.893148059415429,-0.0490765410474915,0,11,1,1,19.22,21.14,0.909176915799432,-0.0413515996388809,0,11,1,1,18.13,19.49,0.930220625962032,-0.0314140350221128,0,11,1,1,21.05,20.79,1.01250601250601,0.00539761084021796,0,11
"NR1D1(NR)","NR1D1(NR)",0.01,0.0101,1.86,1.11,1.67567567567568,0.224189965431259,0.448379930862517,140,1,0.9441,0.8,0.71,1.12676056338028,0.0518316382728683,0,140,0.1,0.3507,1.08,0.72,1.5,0.176091259055681,0.176091259055681,140,1,0.9736,0.68,0.73,0.931506849315069,-0.0308139474142196,0,140,1,1,0.23,0.78,0.294871794871795,-0.530366766672888,0,140
"NR1H2(NR)","NR1H2(NR)",0.01,0.0092,0.8,0.34,2.35294117647059,0.371611069949688,0.743222139899377,83,0.1,0.3775,0.58,0.33,1.75757575757576,0.24491405368505,0.24491405368505,83,1,0.4382,0.5,0.29,1.72413793103448,0.236572006437063,0,83,1,0.9309,0.34,0.33,1.03030303030303,0.0129649771643676,0,83,1,1,0.46,0.33,1.39393939393939,0.144243891803687,0,83
"NR1H4(NR)","NR1H4(NR)",0.001,6e-04,4.42,2.88,1.53472222222222,0.186029781589861,0.558089344769583,74,1,1,2.32,2.24,1.03571428571429,0.0152399665567368,0,74,1,1,1.73,2.15,0.804651162790698,-0.0943923567868099,0,74,1,0.5577,3.08,2.36,1.30508474576271,0.115638713530338,0,74,1,1,3.2,2.49,1.285140562249,0.10895063122417,0,74
"OTX2","OTX2",0.01,0.0042,6.81,5.16,1.31976744186047,0.120497410285574,0.240994820571148,37,1,1,7.83,8.07,0.970260223048327,-0.013111772664127,0,37,1,1,7.06,7.91,0.892541087231353,-0.0493717824458728,0,37,1,1,6.84,7.15,0.956643356643357,-0.0192499400809644,0,37,1,1,9.61,7.9,1.21645569620253,0.0850962963781039,0,37
"PAX3_FKHR_fusion","PAX3_FKHR_fusion",0.1,0.0919,1.92,1.39,1.38129496402878,0.140286428449454,0.140286428449454,49,1,0.9114,2.18,2.01,1.08457711442786,0.035260436184116,0,49,1,0.9374,2.09,2.06,1.01456310679612,0.0062790657419006,0,49,1,1,2.05,2.33,0.879828326180257,-0.0556020599702647,0,49,0.01,1,4.58,2.31,1.98268398268398,0.297253498111725,0.594506996223449,49
"PAX5","PAX5",0.001,0.0037,1.65,0.91,1.41492537313433,0.15073353463724,0.452200603911719,6,1,0.8463,0.65,0.91,0.714285714285714,-0.146128035678238,0,6,1,0.4197,0.86,0.8,1.075,0.0314084642516241,0,6,0.1,0.352,0.8,0.79,1.0126582278481,0.00546289570150219,0,6,0.1,1,0.46,0.61,0.754098360655738,-0.122572003329193,0,6
"PBX2","PBX2",1e-07,0,10.91,7.5,1.45466666666667,0.162763487196642,1.13934441037649,10,1,0.8463,11.53,11.07,1.04155374887082,0.0176816864159762,0,10,0.1,0.1717,12.46,10.83,1.15050784856879,0.0608895856978305,0.0608895856978305,10,0.1,0.2139,12.77,10.33,1.23620522749274,0.0920905757437947,0.0920905757437947,10,1,1,14.19,13.21,1.07418622255867,0.0310795778429468,0,10
"PBX3","PBX3",0.01,0.0227,3.51,2.55,1.37647058823529,0.138766936031869,0.277533872063738,119,0.1,0.2917,2.76,2.11,1.30805687203791,0.116626626767525,0.116626626767525,119,0.1,0.129,2.95,2.11,1.39810426540284,0.14553956068047,0.14553956068047,119,1,0.6261,3.42,2.71,1.2619926199262,0.101056815181729,0,119,1,1,2.29,2.46,0.930894308943089,-0.0310996247634911,0,119
"PDX1","PDX1",1e-04,1e-04,11.23,8.47,1.3258559622196,0.122496345930751,0.489985383723003,10,1,1,11.82,12.56,0.941082802547771,-0.0263721628559408,0,10,1,1,12.1,12.46,0.971107544141252,-0.0127326720067008,0,10,1,0.702,12.43,11.53,1.07805724197745,0.0326418213469457,0,10,1,1,16.93,14.74,1.14857530529172,0.0601594745859025,0,10
"PKNOX1","PKNOX1",0.01,0.0283,3.25,2.36,1.3771186440678,0.138971358008768,0.277942716017536,120,0.1,0.2707,2.68,2.03,1.32019704433498,0.120638756115576,0.120638756115576,120,0.1,0.1009,2.81,1.94,1.44845360824742,0.160904589974854,0.160904589974854,120,1,0.702,3.08,2.61,1.18007662835249,0.0719102091621634,0,120,1,1,1.83,2.25,0.813333333333333,-0.089731428380933,0,120
"PPARA(NR)","PPARA(NR)",1e-12,0,14.9,9.67,1.54084798345398,0.187759794329272,2.25311753195127,22,0.1,0.1144,8.77,7.24,1.21132596685083,0.0832610271688936,0.0832610271688936,22,0.1,0.1103,8.78,7.25,1.21103448275862,0.0831565093351088,0.0831565093351088,22,0.01,0.1263,10.83,8.19,1.32234432234432,0.121344554864902,0.242689109729804,22,1,1,5.49,6.57,0.835616438356164,-0.0779930251096889,0,22
"PPARG(NR)","PPARG(NR)",1e-08,0,13.3,9.19,1.44722524483134,0.160536129580975,1.2842890366478,22,0.1,0.1286,7.18,5.83,1.23156089193825,0.0904558894832862,0.0904558894832862,22,0.1,0.3507,6.84,5.9,1.15932203389831,0.064204090077972,0.064204090077972,22,0.1,0.2196,8.78,6.79,1.29307805596465,0.111624741625601,0.111624741625601,22,1,1,4.81,5.53,0.869801084990958,-0.0605800549308665,0,22
"PRDM1","PRDM1",0.1,0.0828,4.9,4.01,1.22194513715711,0.0870517074083314,0.0870517074083313,122,1,1,4.57,5.18,0.882239382239382,-0.0544135596753827,0,122,1,1,4.68,4.91,0.953156822810591,-0.0208356390488445,0,122,0.1,0.3449,6.16,4.74,1.29957805907173,0.11380237049034,0.11380237049034,122,1,1,4.12,5.31,0.775894538606403,-0.110197305048334,0,122
"RAR_RXR(NR)","RAR_RXR(NR)",0.01,0.0042,0.8,0.31,1.44285714285714,0.159223333768386,0.159223333768386,160,1,1,0.22,0.18,0.828571428571429,-0.0816700464513196,0,160,1,1,0,0.23,0,-0.0359125558906444,0,160,1,0.6261,0.23,0.18,1.27777777777778,0.106455330914287,0,160,1,1,0,0.11,0,0,0,160
"RARA(NR)","RARA(NR)",0.001,7e-04,30.49,26.71,1.14152002995133,0.0574835363440078,0.172450609032023,160,1,0.5381,26.25,25,1.05,0.0211892990699381,0,160,1,0.9481,24.91,24.98,0.997197758206565,-0.00121870650161022,0,160,1,0.7337,27.25,26.32,1.03533434650456,0.0150806216707434,0,160,1,1,27.23,25.86,1.05297757153906,0.0224191207955894,0,160
"RBPJ","RBPJ",0.1,0.0973,3.51,3.17,1.10725552050473,0.0442478542480726,0,8,1,1,1.52,2.24,0.678571428571428,-0.16840443038939,0,8,1,0.8473,1.8,2.26,0.796460176991151,-0.0988359340440948,0,8,1,0.9726,1.82,2.44,0.745901639344262,-0.127318438353655,0,8,1,1,1.83,1.59,0.881458966565349,-0.0547979000510182,0,8
"REST","REST",1e-83,0,4.1,0.14,29.2857142857143,1.4666558210415,121.732433146444,50,0.1,0.1514,0.29,0.08,3.625,0.559308010907012,0.559308010907012,50,1,1,0.07,0.15,0.466666666666667,-0.330993219041424,0,50,1,0.9164,0.11,0.09,1.22222222222222,0.0871501757189002,0,50,0.1,1,0.46,0.06,7.66666666666667,0.88460658129793,0.88460658129793,50
"RFX5","RFX5",1e-07,0,4.63,2.48,1.86693548387097,0.271129310191737,1.89790517134216,46,1,0.4622,2.61,2.11,1.23696682464455,0.0923580520405883,0,46,0.1,0.1365,2.88,2.06,1.39805825242718,0.145525267390077,0.145525267390077,46,1,0.6536,2.96,2.43,1.21810699588477,0.0856854374606264,0,46,1,1,1.37,2.01,0.681592039800995,-0.166475490264082,0,46
"RORA(NR)","RORA(NR)",0.1,0.0631,1.49,0.98,1.52040816326531,0.181960192719779,0.181960192719779,4,1,0.5677,1.6,1.27,1.25984251968504,0.100316261699968,0,4,0.1,0.2287,1.73,1.18,1.46610169491525,0.16616409582267,0.16616409582267,4,1,0.7577,1.37,1.16,1.18103448275862,0.0722625779294883,0,4,1,1,1.37,1.17,1.17094017094017,0.0685347054102451,0,4
"RORG(NR)","RORG(NR)",0.1,0.0317,1.28,0.76,1.68421052631579,0.226396377367077,0.226396377367077,4,1,0.8443,1.16,1,1.16,0.0644579892269184,0,4,0.1,0.3507,1.3,0.9,1.44444444444444,0.159700842867512,0.159700842867512,4,1,0.7577,1.03,0.82,1.25609756097561,0.0990233723214555,0,4,0.1,1,1.83,0.9,2.03333333333333,0.308208580291105,0.308208580291104,4
"SIX1","SIX1",1e-08,0,4.1,1.98,2.07070707070707,0.316118666458204,2.52894933166563,65,1,0.882,2.54,2.34,1.08547008547009,0.0356178592097953,0,65,1,0.8783,2.45,2.34,1.04700854700855,0.0199502269543896,0,65,1,0.8645,2.28,2.19,1.04109589041096,0.0174907321603355,0,65,1,1,1.83,2.3,0.795652173913044,-0.0992767462871634,0,65
"SIX2","SIX2",1e-04,2e-04,10.27,7.73,1.32858990944373,0.123390949678953,0.493563798715813,63,1,1,9.5,9.64,0.985477178423236,-0.00635342861398303,0,63,1,0.8545,9.5,9.27,1.02481121898598,0.0106438711443507,0,63,1,1,8.44,9.09,0.928492849284928,-0.0322214365963124,0,63,1,1,7.78,10.81,0.719703977798335,-0.142846096963621,0,63
"SIX4","SIX4",1e-05,0,1.33,0.45,2.95555555555556,0.470639127191742,2.35319563595871,64,1,0.6075,0.58,0.4,1.45,0.161368002234975,0,64,1,0.7487,0.58,0.45,1.28888888888889,0.110215479787594,0,64,1,1,0.34,0.45,0.755555555555556,-0.121733596733089,0,64,1,1,0.46,0.45,1.02222222222222,0.00954531790623036,0,64
"SOX15","SOX15",1e-06,0,12.19,8.79,1.386803185438,0.14201483054461,0.85208898326766,74,1,0.6075,11.46,10.69,1.07202993451824,0.0302069124225932,0,74,1,0.569,11.59,10.8,1.07314814814815,0.0306596804766462,0,74,0.01,0.1589,14.14,11.42,1.23817863397548,0.0927833055510514,0.185566611102103,74,1,1,11.21,10.68,1.04962546816479,0.0210343599024356,0,74
"SOX17","SOX17",1e-09,0,8.89,5.39,1.64935064935065,0.217312995783475,1.95581696205127,73,0.1,0.2355,7.47,6.32,1.18196202531646,0.0726035235330137,0.0726035235330137,73,0.1,0.2071,7.63,6.41,1.19032761310452,0.075666508436063,0.075666508436063,73,0.001,0.1008,9.92,6.95,1.4273381294964,0.154526867564065,0.463580602692194,73,1,1,7.78,6.96,1.11781609195402,0.0483703573791268,0,73
"SOX2","SOX2",1e-09,0,11.92,7.76,1.5360824742268,0.186414534146029,1.67773080731426,74,0.1,0.2949,9.86,8.65,1.13988439306358,0.056860807476397,0.056860807476397,74,0.1,0.2452,10.3,8.97,1.14827201783724,0.0600447816610801,0.0600447816610801,74,0.01,0.1008,11.97,8.89,1.34645669291339,0.129192389436197,0.258384778872394,74,1,1,9.38,7.89,1.18884664131812,0.0751258351696442,0,74
"SOX3","SOX3",1e-13,0,22.25,15.74,1.4135959339263,0.150325287293905,1.95422873482076,74,1,0.5645,18.85,17.81,1.05839416058394,0.0246474350785682,0,74,0.1,0.1124,19.94,17.75,1.12338028169014,0.050526796584524,0.050526796584524,74,0.1,0.2344,22.69,19.76,1.14827935222672,0.0600475556333267,0.0600475556333267,74,1,1,16.25,16.72,0.97188995215311,-0.0123829077881044,0,74
"SOX6","SOX6",1e-08,0,19.37,14.38,1.34700973574409,0.129370734672247,1.03496587737798,73,1,1,17.11,17.77,0.962858750703433,-0.0164374182642012,0,73,1,0.7487,18.43,17.8,1.03539325842697,0.0151053329101798,0,73,0.01,0.1893,22.23,19.04,1.16754201680672,0.0672725186505351,0.13454503730107,73,1,1,18.08,17.76,1.01801801801802,0.00775546469676221,0,73
"SOX9","SOX9",0.001,0.0039,9.21,7.26,1.26859504132231,0.103323009496755,0.309969028490266,102,1,0.5677,7.47,6.79,1.10014727540501,0.041450827534897,0,102,1,0.8473,7.2,6.94,1.03746397694524,0.0159730259764135,0,102,1,0.702,9.01,8.21,1.09744214372716,0.0403816338596221,0,102,1,1,6.86,6.29,1.0906200317965,0.0376734702614828,0,102
"SPI1","SPI1",0.01,0.0228,5.38,4.64,1.15948275862069,0.0642642951115083,0.0642642951115083,15,1,1,3.7,4.17,0.806479859894921,-0.0934064737129802,0,15,1,1,3.82,4.19,0.871559633027523,-0.0597028926517759,0,15,1,0.6917,2.85,4.13,0.690072639225182,-0.161105191647891,0,15,1,1,1.83,3.06,0.598039215686274,-0.223270336751151,0,15
"SPIB","SPIB",0.01,0.0113,2.87,1.93,1.48704663212435,0.172324587726219,0.344649175452437,56,1,0.9441,1.96,1.82,1.07692307692308,0.0321846833714013,0,56,1,0.811,2.09,1.9,1.1,0.041392685158225,0,56,1,1,1.82,2.2,0.827272727272727,-0.0823512928371315,0,56,1,1,1.37,1.84,0.744565217391304,-0.12809725585313,0,56
"SREBF2","SREBF2",0.1,0.0773,1.54,1.05,1.46666666666667,0.166331421766525,0.166331421766525,68,1,0.6299,1.09,0.85,1.28235294117647,0.108007572226331,0,68,1,0.6989,1.15,0.95,1.21052631578947,0.0829742350647639,0,68,1,0.9594,0.8,0.83,0.963855421686747,-0.0159881053841303,0,68,1,1,0.69,0.83,0.831325301204819,-0.0802290016388186,0,68
"STAT1","STAT1",0.1,0.0948,1.92,1.39,1.38129496402878,0.140286428449454,0.140286428449454,23,1,1,1.81,2.1,0.861904761904762,-0.0645407198647348,0,23,1,0.9374,2.02,1.99,1.01507537688442,0.0064982930369171,0,23,1,1,1.82,2.35,0.774468085106383,-0.110996474286662,0,23,1,1,2.06,1.77,1.1638418079096,0.0658939540073467,0,23
"STAT5A","STAT5A",0.1,0.0721,1.97,1.4,1.40714285714286,0.148338190483355,0.148338190483355,23,1,1,1.67,2,0.835,-0.0783135245163979,0,23,1,0.8545,2.23,2.1,1.06190476190476,0.0260855683142414,0,23,1,1,1.82,2.43,0.748971193415638,-0.125534885613237,0,23,1,1,1.83,1.69,1.08284023668639,0.0345643851167559,0,23
"TBX20","TBX20",0.001,0.0031,3.94,2.66,1.4812030075188,0.170614585194507,0.511843755583521,106,1,1,1.96,2.08,0.942307692307692,-0.0258072636062855,0,106,1,0.4419,2.52,2.03,1.24137931034483,0.0939045028683312,0,106,0.01,0.1564,3.88,2.42,1.60330578512397,0.205016359613776,0.410032719227552,106,1,1,2.75,1.87,1.47058823529412,0.167491087293764,0,106
"TCF7","TCF7",0.01,0.0164,4.26,3.14,1.35668789808917,0.132479951029504,0.264959902059008,93,1,1,3.41,4.04,0.844059405940594,-0.0736269861181073,0,93,1,1,3.6,3.86,0.932642487046632,-0.0302848039044676,0,93,1,0.9253,3.88,3.92,0.989795918367347,-0.00445434142625001,0,93,1,1,2.29,3.08,0.743506493506493,-0.128715234160556,0,93
"TEAD2","TEAD2",1e-11,0,6.55,3.29,1.95942028985507,0.292127600868362,3.21340360955198,27,1,0.4622,3.77,3.17,1.14043583535109,0.0570708554724951,0,27,0.1,0.1106,4.39,3.31,1.15023474178404,0.0607864809257948,0,27,0.1,0.3545,5.02,3.79,1.23376623376623,0.0912328801163659,0.0912328801163659,27,1,1,3.66,2.73,1.31062670299728,0.117479012121742,0,27
"TEAD3","TEAD3",1e-11,0,11.76,7.24,1.62430939226519,0.210668755542973,2.3173563109727,28,0.1,0.3787,8.41,7.42,1.13342318059299,0.0543920905188851,0.0543920905188851,28,0.1,0.2452,8.93,7.69,1.16124837451235,0.0649251190871154,0.0649251190871154,28,0.1,0.3355,10.26,8.38,1.22434367541766,0.0879033421455209,0.0879033421455209,28,1,1,8.92,7.33,1.21691678035471,0.0852608797349951,0,28
"TEAD4","TEAD4",1e-10,0,9.95,6.11,1.62847790507365,0.211781870503171,2.11781870503171,28,0.1,0.2118,6.53,5.4,1.20925925925926,0.0825194214521054,0.0825194214521054,28,0.1,0.1643,6.91,5.67,1.21869488536155,0.0858949884812918,0.0858949884812918,28,0.1,0.2139,7.98,6.05,1.31900826446281,0.120247516698261,0.120247516698261,28,1,1,6.18,4.87,1.26899383983573,0.103459513874181,0,28
"TFE3","TFE3",1e-05,0,2.13,0.91,2.34065934065934,0.369338211117644,1.84669105558822,13,1,1,0.94,0.94,1,0,0,13,1,0.8446,1.01,0.89,1.13483146067416,0.0549313671377297,0,13,1,0.7577,1.03,0.86,1.19767441860465,0.0783387734616045,0,13,1,1,0.92,1.06,0.867924528301887,-0.061518037919215,0,13
"THRB(NR)","THRB(NR)",1e-05,0,6.01,5.26,1.13645673323093,0.0555529060735311,0.0578887278490005,61,1,0.9222,3.63,3.43,0.951685058156874,-0.0215067492353096,0,61,1,0.7552,3.89,3.58,0.919388055310385,-0.0365011429029657,0,61,1,0.702,2.74,3.39,0.808259587020649,-0.0924491353826941,0,61,0.1,1,2.97,2.93,1.01365187713311,0.00588882896310279,0,61
"TP53","TP53",0.1,0.0695,0.05,0.06,0.833333333333333,-0.0791812460476248,0,1,1,1,0.07,0.06,1.10169491525424,0.0420613450007114,0,1,1,0.8748,0.07,0.04,0.847457627118644,-0.0718820073061253,0,1,0.1,0.4604,0.23,0.05,0.876923076923077,-0.0570385009703642,0,1,1,1,0,0.05,0,-0.200565028438882,0,1
"USF1","USF1",1e-05,0,7.03,4.59,1.53159041394336,0.185142639482563,0.925713197412814,13,1,1,3.7,3.67,1.00817438692098,0.00353565981490566,0,13,1,0.8169,3.96,3.72,1.06451612903226,0.0271522460436149,0,13,1,0.7577,4.1,3.77,1.08753315649867,0.0364425065139426,0,13,1,1,2.97,3.6,0.825,-0.0835460514500749,0,13
"ZFP281","ZFP281",1e-07,0,3.3,1.55,2.12903225806452,0.328182241707596,2.29727569195317,156,1,0.5585,1.16,0.88,1.31818181818182,0.11997531707675,0,156,1,0.8351,1.01,0.89,1.13483146067416,0.0549313671377297,0,156,0.01,0.1402,3.19,1.86,1.71505376344086,0.234277738839265,0.46855547767853,156,1,1,0.92,0.58,1.58620689655172,0.200359833782618,0,156
"ZIC1","ZIC1",0.1,0.0629,10.96,9.56,1.14644351464435,0.0593526618722503,0.0593526618722503,12,1,1,7.76,8.02,0.967581047381546,-0.0143126470259751,0,12,1,1,8.21,8.49,0.967020023557126,-0.0145645331245119,0,12,1,0.7838,8.44,8.08,1.04455445544554,0.0189310858510689,0,12,1,1,7.55,7.29,1.03566529492455,0.0152194233112136,0,12
"ZNF189","ZNF189",0.1,0.0667,7.34,6.2,1.18387096774194,0.0733043704178166,0.0733043704178166,108,1,1,5.51,5.42,1.01660516605166,0.00715231231339807,0,108,1,0.8473,5.54,5.31,1.04331450094162,0.0184152436469607,0,108,1,0.702,6.61,5.92,1.11655405405405,0.0478797527627205,0,108,1,1,5.26,5.68,0.926056338028169,-0.0333625915572798,0,108
"ZNF263","ZNF263",0.001,8e-04,30.44,26.71,1.13964807188319,0.0567707600771624,0.170312280231487,80,1,1,19.14,19.41,0.986089644513138,-0.00608360194753803,0,80,1,0.8473,20.52,20.12,1.01988071570577,0.00854938005588889,0,80,1,0.7577,20.98,20.28,1.034516765286,0.0147375331962407,0,80,1,1,16.48,14.25,1.15649122807018,0.063142343016568,0,80
"ZNF519","ZNF519",0.1,0.0869,2.18,1.61,1.35403726708075,0.131630617572755,0.131630617572755,143,1,1,1.09,1.2,0.908333333333333,-0.0417547481070011,0,143,1,0.794,1.44,1.27,1.13385826771654,0.0545587711392928,0,143,0.01,0.1564,2.17,1.14,1.90350877192982,0.279554882512057,0.559109765024114,143,1,1,1.37,1.21,1.13223140495868,0.0539351968399568,0,143
"ZNF669","ZNF669",0.01,0.0278,1.06,0.59,1.79661016949153,0.254453853622626,0.508907707245252,74,1,1,0.51,0.49,1.04081632653061,0.0173740960694227,0,74,1,0.4705,0.72,0.48,1.5,0.176091259055681,0,74,1,1,0.46,0.59,0.779661016949153,-0.10809417996057,0,74,1,1,0,0.56,0,0,0,74
"ZNF7","ZNF7",0.01,0.0048,5.59,4.11,1.36009732360097,0.133569986010354,0.267139972020708,16,1,1,5.44,5.43,1.00184162062615,0.000799070109333003,0,16,1,0.9693,5.11,5.2,0.982692307692308,-0.0075824435000864,0,16,1,0.6281,6.39,5.56,1.14928057553957,0.0604260665763426,0,16,1,1,5.03,5.68,0.88556338028169,-0.0527803506550914,0,16
"ZSCAN22","ZSCAN22",0.01,0.0266,1.6,0.99,1.61616161616162,0.208484788058375,0.41696957611675,114,1,1,0.36,0.51,0.705882352941176,-0.151267675330649,0,114,1,1,0.43,0.55,0.781818181818182,-0.106894233914657,0,114,0.1,0.4499,1.25,0.73,1.71232876712329,0.2335871528876,0.2335871528876,114,1,1,0.46,0.36,1.27777777777778,0.106455330914287,0,114
"ATF7","ATF7",1e-06,0,8.14,5.31,1.53295668549906,0.185529883807732,1.11317930284639,98,0.1,0.0758,6.67,5.22,1.27777777777778,0.106455330914287,0.106455330914287,98,1,0.4419,5.98,5.23,1.1434034416826,0.0581994951211366,0,98,1,0.8786,5.59,5.54,1.00902527075812,0.00390204315799351,0,98,1,1,4.12,5.16,0.798449612403101,-0.0977524855940768,0,98
"CREB1","CREB1",0.001,0.0039,4.63,3.27,1.41590214067278,0.151033238357667,0.453099715073001,66,0.01,0.0709,4.28,3.1,1.38064516129032,0.140082075178899,0.280164150357799,66,1,0.9374,3.1,3.07,1.00977198697068,0.0042233183570862,0,66,1,0.6261,3.65,2.95,1.23728813559322,0.0924708484783116,0,66,1,1,2.97,2.87,1.03484320557491,0.01487455258322,0,66
"CRX","CRX",0.1,0.0804,21.5,19.74,1.08915906788247,0.0370913115819875,0.0370913115819875,37,1e-07,0,31.04,24.61,1.26127590410402,0.100810098883348,0.705670692183438,37,1e-10,0,31.89,23.99,1.32930387661526,0.123624271275129,1.23624271275129,37,1,0.9614,22.23,22.54,0.986246672582076,-0.00601444901109712,0,37,1,1,23.8,25.34,0.939226519337017,-0.0272296534909106,0,37
"DLX3","DLX3",0.001,0.0038,5.69,4.17,1.36450839328537,0.134976211421314,0.404928634263941,43,1e-16,0,16.39,9.14,1.79321663019694,0.253632757836668,4.05812412538668,43,1e-17,0,16.77,9.28,1.80711206896552,0.256985086387224,4.3687464685828,43,0.1,0.5508,8.89,7.65,1.16209150326797,0.0652403258165961,0.0652403258165961,43,1,1,12.36,10.44,1.18390804597701,0.0733179720865537,0,43
"EGR1","EGR1",1e-09,0,12.67,8.47,1.49586776859504,0.174893204552734,1.57403884097461,19,0.1,0.082,7.32,5.83,1.25557461406518,0.0988425262993778,0.0988425262993778,19,0.01,0.0303,7.63,5.84,1.30650684931507,0.116111690842481,0.232223381684962,19,0.1,0.473,7.41,6.17,1.20097244732577,0.0795330439460865,0.0795330439460865,19,1,1,4.58,4.38,1.04566210045662,0.0193913674997697,0,19
"GSC","GSC",0.001,0.0022,10.7,8.49,1.2603062426384,0.100476087441257,0.301428262323771,38,1e-12,0,19.87,13,1.52846153846154,0.184254514802978,2.21105417763574,38,1e-13,0,20.09,12.85,1.56342412451362,0.194076809080936,2.52299851805216,38,1,0.7577,12.09,11.49,1.05221932114883,0.0221062721724867,0,38,1,1,13.27,12.95,1.02471042471042,0.0106011544471649,0,38
"HOXC9","HOXC9",1e-04,3e-04,5.69,3.84,1.48177083333333,0.17078104202754,0.683124168110161,10,1,0.4622,7.76,6.9,1.12463768115942,0.0510126305209331,0,10,0.1,0.0711,8.28,6.65,1.24511278195489,0.0952086914817755,0.0952086914817755,10,0.01,0.1342,8.55,6.25,1.368,0.136086097384097,0.272172194768195,10,1,1,8.24,7.34,1.12261580381471,0.0502311517810453,0,10
"HOXD13","HOXD13",0.01,0.0092,15.06,12.82,1.17472698907956,0.0699369466818832,0.139873893363766,32,1e-04,6e-04,27.63,23.14,1.19403630077787,0.0770175303007806,0.308070121203122,32,1e-07,0,28.15,21.92,1.28421532846715,0.108637849375033,0.760464945625234,32,1,0.7995,20.98,20.53,1.02191914271797,0.00941653448694717,0,32,0.1,1,27,23.47,1.15040477204942,0.0608506745603947,0.0608506745603947,32
"IRF2","IRF2",0.01,0.0096,1.22,0.63,1.93650793650794,0.287019281221166,0.574038562442333,53,1e-65,0,8.99,1.2,7.49166666666667,0.874578445685604,56.8475989695643,53,1e-69,0,9.29,1.2,7.74166666666667,0.888834467946017,61.3295782882752,53,1,1,0.91,1.02,0.892156862745098,-0.0495587794408239,0,53,1,1,1.14,1.35,0.844444444444444,-0.0734289171585335,0,53
"IRF8","IRF8",0.1,0.0839,1.28,1.17,1.09401709401709,0.0390241079017068,0,51,1e-32,0,1.09,1.84,0.592391304347826,-0.227391325068913,0,51,1e-33,0,1.51,1.65,0.915151515151515,-0.0385069969207368,0,51,0.1,0.3779,2.17,1.4,1.19256756756757,0.076482994328884,0,51,1,1,0.92,1.42,0.620338983050847,-0.207370926247734,0,51
"JUN","JUN",1e-06,0,3.09,1.72,1.67295597484277,0.223484512310616,1.01772013006914,17,0.01,0.0252,1.52,1.72,0.883720930232558,-0.0536848589627764,0,17,0.1,0.2934,1.94,1.8,1.07777777777778,0.03252922482692,0,17,0.1,0.4499,2.39,1.66,1.06006006006006,0.0253304718815027,0,17,1,1,1.83,1.16,0.758278145695364,-0.120171460617263,0,17
"KLF10","KLF10",1e-07,0,18.41,14.01,1.3140613847252,0.11861565321824,0.830309572527681,70,0.1,0.082,10.51,8.72,1.2052752293578,0.0810862310956749,0.0810862310956749,70,0.1,0.214,10.37,8.97,1.15607580824972,0.0629863133449488,0.0629863133449488,70,1,0.8112,6.96,6.69,1.04035874439462,0.017183121842739,0,70,1,1,7.09,7.62,0.930446194225722,-0.031308736156534,0,70
"KLF14","KLF14",1e-28,0,27.99,17.58,1.59215017064846,0.201984027728409,5.65555277639546,35,1e-08,0,16.82,11.56,1.45501730103806,0.162868157377383,1.30294525901906,35,1e-05,0,16.41,12.07,1.35956917978459,0.133401310955744,0.66700655477872,35,0.01,0.1008,19.84,16.01,1.23922548407245,0.0931503358988601,0.18630067179772,35,1,1,9.61,9.25,1.03891891891892,0.0165816549295128,0,35
"KLF4","KLF4",0.1,0.0361,4.63,3.61,1.28254847645429,0.108073789112295,0.108073789112295,34,0.01,0.0241,3.19,2.03,1.57142857142857,0.196294645143968,0.392589290287936,34,0.1,0.3797,2.59,2.05,1.26341463414634,0.101545903025498,0.101545903025497,34,1,1,1.6,2.83,0.565371024734982,-0.247666452868365,0,34,1,1,2.06,2.12,0.971698113207547,-0.012468640559598,0,34
"LHX1","LHX1",0.1,0.0845,9.79,8.56,1.14369158878505,0.0583089271259845,0.0583089271259845,44,1e-08,0,22.92,16.7,1.37245508982036,0.137498142147769,1.09998513718215,44,1e-10,0,22.97,16.3,1.40920245398773,0.148973390791068,1.48973390791068,44,0.1,0.2303,15.85,13.31,1.190833959429,0.0758512110790952,0.0758512110790951,44,1,1,19.91,17.62,1.12996594778661,0.0530653559513804,0,44
"LHX2","LHX2",0.01,0.0266,9.63,8.07,1.19330855018587,0.0767527524024641,0.153505504804928,44,1e-13,0,21.9,14.24,1.53792134831461,0.186934125539281,2.43014363201065,44,1e-15,0,22.39,14.28,1.56792717086835,0.195325886138875,2.92988829208312,44,0.01,0.1893,14.37,11.71,1.22715627668659,0.0888998730618624,0.177799746123725,44,1,1,17.62,15.4,1.14415584415584,0.058485183239566,0,44
"LHX3","LHX3",1e-05,0,17.56,13.97,1.25697924123121,0.0993281054559018,0.496640527279509,43,1e-08,0,30.89,24.19,1.27697395618024,0.106182039939571,0.849456319516568,43,1e-10,0,31.17,23.57,1.32244378447179,0.121377219752516,1.21377219752516,43,0.01,0.1564,23.6,20.13,1.17237953303527,0.0690682280814521,0.138136456162904,43,1,1,25.17,25.78,0.976338246702871,-0.0103996974690215,0,43
"LXH9","LXH9",0.001,0.0036,14.32,11.9,1.20336134453782,0.080396056579306,0.241188169737918,44,1e-09,0,25.31,18.66,1.35637727759914,0.132380505747773,1.19142455172996,44,1e-12,0,26.35,18.61,1.41590542718968,0.151034246417798,1.81241095701358,44,0.01,0.1008,19.16,15.3,1.25228758169935,0.0977040739249268,0.195408147849854,44,1,1,21.28,19.67,1.08185053380783,0.0341672637036739,0,44
"MAFA","MAFA",0.001,0.003,11.92,9.66,1.23395445134576,0.0912991289887243,0.273897386966173,69,1e-20,0,16.1,8.26,1.94915254237288,0.289845828711468,5.79691657422935,69,1e-22,0,16.85,8.55,1.97076023391813,0.294633790479185,6.48194339054206,69,1,0.8753,7.3,7.21,1.0124826629681,0.00538759540102686,0,69,1,1,6.18,6.41,0.96411856474259,-0.0158695544300016,0,69
"MAZ","MAZ",1e-22,0,21.71,13.39,1.62135922330097,0.209879246442411,4.61734342173304,102,0.001,0.0068,11.24,8.68,1.29493087557604,0.11224658605655,0.336739758169651,102,0.01,0.0294,11.3,9.12,1.2390350877193,0.0930836051550036,0.186167210310007,102,1,0.5577,17.56,15.92,1.10301507537688,0.0425814481684335,0,102,0.1,1,7.78,5.59,1.391771019678,0.143567789103266,0.143567789103266,102
"NANOG","NANOG",0.1,0.0872,44.6,42.49,1.0496587432337,0.0210481276226275,0.0210481276226275,32,0.001,0.0044,50.18,45.65,1.09923329682366,0.041089875108274,0.123269625324822,32,0.001,0.006,50.4,46.02,1.09517601043025,0.0394839221129007,0.118451766338702,32,0.1,0.4499,47.21,44.54,1.05994611585092,0.0252837877332355,0.0252837877332355,32,1,1,51.03,49.66,1.02758759565042,0.011818853113686,0,32
"NFYA","NFYA",1e-11,0,13.78,8.95,1.53966480446927,0.187426182255695,2.06168800481265,166,0.01,0.0185,10.51,8.27,1.27085852478839,0.104097206475696,0.208194412951391,166,0.01,0.0281,10.44,8.32,1.25480769230769,0.0985771723755194,0.197154344751039,166,0.1,0.3545,9.69,8,1.21125,0.0832337900588217,0.0832337900588217,166,1,1,11.67,10.64,1.0968045112782,0.0401292280863408,0,166
"NPAS2","NPAS2",1e-05,0,12.45,10.99,1.13284804367607,0.0541716590082645,0.0541716590082645,13,0.1,0.3272,9.93,8.77,1.05297619047619,0.0224185511838603,0,13,0.01,0.0489,10.73,8.76,1.0075493612079,0.00326633200925659,0,13,0.1,0.2196,10.49,9.65,1.08704663212435,0.0362481748497653,0,13,1,1,6.41,8.73,0.734249713631157,-0.134156214186752,0,13
"NR2F2(NR)","NR2F2(NR)",1e-19,0,21.87,14.15,1.49240654205607,0.173887144129597,3.30385573846235,60,0.01,0.0217,12.76,10.76,1.18587360594796,0.0740384030547731,0.0740384030547731,60,0.1,0.082,11.88,10.75,1.10511627906977,0.0434079763935506,0.0434079763935506,60,0.001,0.1008,14.37,13.03,1.10283960092095,0.0425123524216409,0,60,1,1,9.84,10.69,0.920486435921422,-0.0359826067774365,0,60
"NR2F6(NR)","NR2F6(NR)",1e-18,0,20.01,12.64,1.58306962025316,0.199500014689845,3.59100026441721,61,0.01,0.0154,12.18,9.72,1.25308641975309,0.0979810233705819,0.195962046741164,61,0.1,0.1005,11.52,9.73,1.18396711202467,0.0733396388188413,0.0733396388188413,61,0.1,0.352,13.34,11.33,1.17740511915269,0.0709259197171329,0.0709259197171329,61,1,1,8.01,9.92,0.807459677419355,-0.092879156069941,0,61
"NR4A1(NR)","NR4A1(NR)",1e-06,0,3.89,2.11,1.8436018957346,0.265667146028015,1.59400287616809,69,0.01,0.0226,3.34,2.14,1.5607476635514,0.193332693462374,0.386665386924747,69,0.01,0.0391,3.17,2.08,1.52403846153846,0.18299592725499,0.36599185450998,69,1,0.702,2.51,2.09,1.20095693779904,0.0795274353699841,0,69,1,1,2.06,1.71,1.2046783625731,0.0808711099769996,0,69
"PITX1","PITX1",0.01,0.0222,1.12,1.71,0.654970760233918,-0.183778087721972,0,8,0.01,0.0673,2.83,2.75,1.02909090909091,0.0124537416940276,0,8,1e-04,3e-04,2.74,2.73,1.003663003663,0.00158791577963192,0,8,1,0.6992,2.85,2.38,1.01122823098075,0.0048491855308883,0,8,1,1,2.75,2.6,0.990987030116509,-0.0039320294558863,0,8
"RFX1","RFX1",1e-09,0,4.2,1.93,2.17616580310881,0.337691981390127,3.03922783251114,34,0.1,0.082,2.18,1.39,1.56834532374101,0.19544169335051,0.19544169335051,34,0.01,0.0394,2.38,1.45,1.64137931034483,0.215208954821537,0.430417909643074,34,1,0.7978,2.17,1.98,1.0959595959596,0.0397945435869984,0,34,1,1,1.14,1.36,0.838235294117647,-0.0766340570337448,0,34
"RFX2","RFX2",1e-13,0,3.03,1.08,2.80555555555556,0.448018873015355,4.48018873015355,32,0.01,0.0192,1.67,0.86,1.90526315789474,0.279954969580337,0.559909939160673,32,0.001,0.0015,1.8,0.89,2.02247191011236,0.305882498458393,0.91764749537518,32,1,0.697,1.48,1.23,1.17460317460317,0.0698911702773945,0,32,1,1,0.46,0.71,0.647887323943662,-0.188500517037501,0,32
"RFX3","RFX3",1e-10,0,3.25,1.23,2.64227642276423,0.421978249539476,4.21978249539476,34,0.01,0.0268,1.6,0.83,1.92771084337349,0.285041890279851,0.570083780559702,34,0.001,0.0095,1.73,0.84,2.05952380952381,0.313766817066914,0.941300451200741,34,1,0.6261,1.6,1.16,1.37931034482759,0.139661993429006,0,34,1,1,0.46,0.68,0.676470588235294,-0.169751081024662,0,34
"RORC(NR)","RORC(NR)",0.01,0.0228,1.65,1.02,1.61764705882353,0.208883772451989,0.417767544903977,4,0.1,0.4076,1.67,1.24,1.34677419354839,0.129294785985348,0.129294785985348,4,0.01,0.0274,2.02,1.13,1.78761061946903,0.252272925963204,0.504545851926408,4,0.1,0.352,1.82,1.09,1.6697247706422,0.222644890044451,0.222644890044451,4,1,1,1.14,0.95,1.2,0.0791812460476249,0,4
"RUNX1","RUNX1",0.01,0.0152,1.17,0.62,0.906306306306306,-0.0427249980667488,0,41,1,0.4644,0.44,0.46,0.956521739130435,-0.0193051551953867,0,41,0.1,0.0719,0.36,0.53,0.679245283018868,-0.167973368833502,0,41,1,0.6261,1.03,0.64,1.00828729281768,0.00358429392330901,0,41,1,1,0,0.44,0,0,0,41
"RXRA(NR)","RXRA(NR)",1e-05,0,13.84,10.52,1.31558935361217,0.119120350303019,0.595601751515094,22,0.01,0.0107,8.99,6.79,1.3240058910162,0.121889917452727,0.243779834905454,22,0.1,0.3797,7.85,6.91,1.13603473227207,0.0553916093710541,0.0553916093710541,22,0.01,0.1342,10.03,7.53,1.33200531208499,0.124505956819718,0.249011913639435,22,1,1,5.72,6.15,0.930081300813008,-0.0314790869823926,0,22
"SOX10","SOX10",1e-13,0,21.18,14.71,1.43983684568321,0.158313283043936,2.05807267957117,74,1,0.6932,16.75,15.99,1.04752970606629,0.0201663476266293,0,74,0.01,0.0669,18.57,16.18,1.14771322620519,0.0598333864635269,0.119666772927054,74,1,0.6261,19.84,18.26,1.08652792990142,0.0360408946198797,0,74,1,1,14.42,14.73,0.978954514596062,-0.00923748645922069,0,74
"SOX4","SOX4",1e-08,0,11.34,7.56,1.5,0.176091259055681,1.40873007244545,74,0.1,0.3319,9.5,8.37,1.13500597371565,0.0549981472955878,0.0549981472955878,74,0.01,0.0391,10.44,8.43,1.23843416370107,0.092872924041501,0.185745848083002,74,0.1,0.4576,10.95,9.4,1.16489361702128,0.0662862655764384,0.0662862655764384,74,1,1,6.86,6.94,0.988472622478386,-0.00503535474810317,0,74
"SP1","SP1",0.01,0.01,2.93,1.96,1.49489795918367,0.174611548997633,0.349223097995267,35,0.01,0.0677,2.39,1.53,1.56209150326797,0.193706470130539,0.387412940261078,35,1,0.5646,1.87,1.53,1.22222222222222,0.0871501757189002,0,35,1,1,1.6,2.41,0.663900414937759,-0.177897059918944,0,35,1,1,1.83,1.47,1.24489795918367,0.0951337549822534,0,35
"SP2","SP2",1e-11,0,18.84,13.28,1.41867469879518,0.15188282342486,1.67071105767346,35,0.01,0.0325,11.97,9.76,1.22643442622951,0.0886443327397189,0.177288665479438,35,1,0.8974,10.08,9.98,1.01002004008016,0.00432999082213533,0,35,1,1,10.83,13,0.833076923076923,-0.0793148956815164,0,35,1,1,7.09,8.15,0.869938650306748,-0.0605113735569101,0,35
"SP5","SP5",1e-14,0,16.29,10.46,1.55736137667304,0.192389399777254,2.69345159688155,35,0.01,0.0154,9.72,7.52,1.29255319148936,0.111448424334632,0.222896848669265,35,0.1,0.2675,8.71,7.53,1.15670650730412,0.0632231788069627,0.0632231788069626,35,1,0.7577,10.03,9.6,1.04479166666667,0.0190296999808497,0,35,1,1,6.18,5.72,1.08041958041958,0.0335924462957916,0,35
"TEAD1","TEAD1",1e-15,0,11.18,6.26,1.78594249201278,0.251867470339975,3.77801205509962,28,0.1,0.196,7.61,6.36,1.19654088050314,0.0779275411221589,0.0779275411221589,28,0.01,0.0669,8.28,6.63,1.24886877828054,0.096516808380107,0.193033616760214,28,0.01,0.1008,9.92,7.17,1.38354253835425,0.140992516486379,0.281985032972757,28,1,1,7.09,5.62,1.26156583629893,0.100909919614005,0,28
"TGIF1","TGIF1",1e-09,0,41.25,34.48,1.19634570765661,0.0778566957332687,0.700710261599419,94,1e-06,0,40.68,33.94,1.19858573954037,0.07866910626905,0.4720146376143,94,1e-06,0,41.47,34.74,1.1937248128958,0.0769042212529381,0.461425327517628,94,1,0.6281,39.22,37.55,1.04447403462051,0.0188976479915781,0,94,1,1,35.93,35.6,1.00926966292135,0.00400721923177428,0,94
"TGIF2","TGIF2",1e-08,0,42.42,35.96,1.17964404894327,0.0717509811193519,0.574007848954815,94,1e-07,0,42.2,35.22,1.19818285065304,0.0785230993304158,0.54966169531291,94,1e-06,0,41.9,35.65,1.17531556802244,0.0701544887784109,0.420926932670465,94,1,0.6261,39.91,37.9,1.05303430079156,0.0224425178159508,0,94,0.1,1,40.96,37.84,1.08245243128964,0.0344088202380191,0.0344088202380191,94
"USF2","USF2",1e-09,0,5.48,2.85,1.92280701754386,0.283935698475859,2.55542128628273,99,0.1,0.082,3.7,2.64,1.40151515151515,0.146597797197164,0.146597797197164,99,1,0.4809,3.24,2.73,1.18681318681319,0.0743823631658561,0,99,1,0.7577,3.08,2.76,1.11594202898551,0.0476416344352266,0,99,1,1,2.29,2.83,0.809187279151943,-0.0919509531844022,0,99
"WT1","WT1",1e-05,0,10.86,7.8,1.39230769230769,0.143735222562348,0.718676112811738,19,0.01,0.0673,6.16,4.72,1.30508474576271,0.115638713530338,0.231277427060675,19,0.01,0.0329,6.62,4.98,1.32931726907631,0.123628646679982,0.247257293359965,19,0.01,0.1227,7.87,5.57,1.41292639138241,0.150119537185336,0.300239074370671,19,1,1,3.89,3.23,1.20433436532508,0.0807470789946049,0,19
"ZNF467","ZNF467",0.001,0.001,9.53,7.3,1.30547945205479,0.115770040517871,0.347310121553612,139,0.1,0.2538,5.44,4.48,1.21428571428571,0.0843208857000359,0.0843208857000358,139,0.01,0.0517,6.19,4.71,1.31422505307856,0.118669741891222,0.237339483782444,139,1,1,6.96,7.78,0.894601542416452,-0.0483703573791268,0,139,1,1,4.81,3.66,1.31420765027322,0.118663990979421,0,139
"NR2C2(NR)","NR2C2(NR)",1e-21,0,5.38,1.73,3.10982658959538,0.492736172537594,10.3474596232895,22,1e-06,0,2.61,1.03,2.53398058252427,0.403803282633109,2.42281969579865,22,0.01,0.0186,1.94,1.04,1.86538461538462,0.270768390631446,0.541536781262891,22,1e-04,0.008,2.74,1.02,2.68627450980392,0.42915039105847,1.71660156423388,22,0.1,1,1.83,0.82,2.23170731707317,0.348637237346713,0.348637237346713,22
