"","finalGene","Paralogs.pval_1","Paralogs.fdr_1","Paralogs.fg_1","Paralogs.bg_1","Paralogs.FC_1","Paralogs.logFC_1","Paralogs.Escore_1","Paralogs.clusterId_1","Singleton.pval_1","Singleton.fdr_1","Singleton.fg_1","Singleton.bg_1","Singleton.FC_1","Singleton.logFC_1","Singleton.Escore_1","Singleton.clusterId_1"
"ARNT(HIF1B)","ARNT(HIF1B)",0.01,0.0144,11.18,9.33,1.04213135068154,0.0179224610758418,0,77,0.1,0.2213,11.33,9.36,1.11696583671106,0.0480398900764257,0,77
"ATF1","ATF1",0.001,0.0014,10.27,8.03,1.27895392278954,0.106854898318597,0.320564694955792,97,1,0.8266,8.85,9.01,0.982241953385128,-0.00778152028123753,0,97
"ATF2","ATF2",1e-05,0,6.12,4,1.53,0.184691430817599,0.923457154087994,96,1,0.886,4.25,4.56,0.932017543859649,-0.0305759126141235,0,96
"ATF3","ATF3",0.001,0.0012,7.18,5.29,1.35727788279773,0.132668772207115,0.398006316621344,17,0.1,0.1561,7.43,5.6,1.32678571428571,0.122800786754375,0.122800786754375,17
"ATF7","ATF7",1e-06,0,8.14,5.31,1.53295668549906,0.185529883807732,1.11317930284639,98,1,0.7106,6.37,6.1,1.04426229508197,0.0188095973245834,0,98
"BACH1","BACH1",0.1,0.0977,0.8,0.48,1.66666666666667,0.221848749616356,0.221848749616356,17,0.1,0.2389,1.06,0.52,2.03846153846154,0.309302521629971,0.309302521629971,17
"BHLHE40","BHLHE40",0.01,0.0209,4.58,3.45,1.32753623188406,0.123046382930595,0.24609276586119,13,0.1,0.1459,5.49,3.88,1.41494845360825,0.150740618855885,0.150740618855885,13
"CDX2","CDX2",0.01,0.0168,6.44,5.06,1.27272727272727,0.104735350520013,0.209470701040026,103,1,0.9551,5.66,6.38,0.887147335423198,-0.0520042475328908,0,103
"CDX4","CDX4",0.01,0.0252,9.05,7.52,1.20345744680851,0.0804307386135611,0.160861477227122,32,1,0.7633,9.2,9.06,1.01545253863135,0.00665962966874214,0,32
"CEBPB","CEBPB",0.01,0.0233,6.07,4.8,1.26458333333333,0.10194745369967,0.203894907399341,165,1,0.4795,6.37,5.52,1.15398550724638,0.0622003546061516,0,165
"CREB1","CREB1",0.001,0.0039,4.63,3.27,1.41590214067278,0.151033238357667,0.453099715073001,66,1,1,2.83,3.82,0.740837696335079,-0.130276927387418,0,66
"CRX","CRX",0.1,0.0804,21.5,19.74,1.08915906788247,0.0370913115819875,0.0370913115819875,37,1,0.6528,22.12,21.36,1.03558052434457,0.0151838742761418,0,37
"DLX3","DLX3",0.001,0.0038,5.69,4.17,1.36450839328537,0.134976211421314,0.404928634263941,43,1,0.6414,5.84,5.37,1.08752327746741,0.0364385614128439,0,43
"E2F3","E2F3",0.1,0.0874,5.06,4.17,1.21342925659472,0.0840144618660416,0.0840144618660416,5,1,0.9551,3.36,3.94,0.852791878172589,-0.0691569444357301,0,5
"EGR1","EGR1",1e-09,0,12.67,8.47,1.49586776859504,0.174893204552734,1.57403884097461,19,1,0.3921,8.32,7.13,1.16690042075736,0.0670337964388584,0,19
"EGR2","EGR2",0.01,0.0142,2.45,1.61,1.52173913043478,0.182340208332683,0.364680416665366,19,1,0.4098,1.95,1.4,1.39285714285714,0.14390657568428,0,19
"ERRG(NR)","ERRG(NR)",1e-04,1e-04,11.5,8.62,1.33410672853828,0.125190574528899,0.500762298115596,155,1,0.4239,9.2,8.08,1.13861386138614,0.0563764665709691,0,155
"ESRRA(NR)","ESRRA(NR)",0.001,0.0019,23.95,20.74,1.15477338476374,0.0624967656975599,0.18749029709268,170,0.1,0.1333,22.12,18.91,1.16975145425701,0.0680935937876209,0.0680935937876209,170
"ESRRB(NR)","ESRRB(NR)",0.01,0.0219,8.94,7.38,1.21138211382114,0.0832811569728761,0.166562313945752,154,0.1,0.2817,8.5,6.98,1.21776504297994,0.0855635030911316,0.0855635030911316,154
"ETV4","ETV4",0.1,0.0963,12.88,11.54,1.11611785095321,0.0477100542040807,0.0477100542040807,24,1,0.6578,12.57,12.01,1.0466278101582,0.0197922702830517,0,24
"FOS","FOS",0.001,0.0022,8.3,6.35,1.30708661417323,0.116304367084098,0.348913101252295,17,0.1,0.2084,8.32,6.58,1.2644376899696,0.101897432676768,0.101897432676768,17
"FOSL1","FOSL1",0.01,0.0042,5.85,4.32,1.35416666666667,0.131672119267268,0.263344238534537,17,0.1,0.1129,6.55,4.65,1.40860215053763,0.148788347101829,0.148788347101829,17
"FOXA2","FOXA2",1e-08,0,10.91,7.28,1.28101802757158,0.107555241547785,0.430220966191139,30,0.1,0.289,10.09,8.65,1.16647398843931,0.0668750587720963,0,30
"FOXA3","FOXA3",1e-06,0,4.9,2.79,1.75627240143369,0.244591876754916,1.4675512605295,29,0.1,0.2743,4.42,3.31,1.33534743202417,0.125594275573373,0.125594275573373,29
"FOXD3","FOXD3",1e-04,5e-04,10.54,8.08,1.30445544554455,0.115429250101942,0.461717000407766,30,0.1,0.1122,12.04,9.44,1.27542372881356,0.105654492623737,0.105654492623737,30
"FOXF1","FOXF1",1e-05,0,11.76,8.56,1.37383177570093,0.137933557062966,0.689667785314832,30,0.1,0.1129,13.45,10.74,1.25232774674115,0.0977180029748899,0.0977180029748899,30
"FOXL2","FOXL2",1e-06,0,11.12,7.73,1.4385510996119,0.157925293327714,0.947551759966282,30,0.1,0.2681,11.5,9.71,1.18434603501545,0.0734786104456068,0.0734786104456068,30
"GFI1B","GFI1B",0.1,0.0991,6.87,5.88,1.16836734693878,0.067579410983412,0.067579410983412,54,1,0.8987,5.66,6.08,0.930921052631579,-0.0310871480844635,0,54
"GSC","GSC",0.001,0.0022,10.7,8.49,1.2603062426384,0.100476087441257,0.301428262323771,38,1,0.8266,9.38,9.54,0.983228511530398,-0.00734553632503059,0,38
"HLF","HLF",0.001,0.0024,7.34,5.52,1.32971014492754,0.123756982186872,0.371270946560615,128,0.1,0.1872,8.85,6.98,1.26790830945559,0.103087848074664,0.103087848074664,128
"HOXA11","HOXA11",0.001,0.0022,24.11,20.94,1.15138490926457,0.0612205330346301,0.18366159910389,32,1,0.6318,24.78,23.86,1.03855825649623,0.0164308627057216,0,32
"HOXB13","HOXB13",1e-04,1e-04,11.71,8.85,1.32316384180791,0.121613624374538,0.486454497498151,32,1,0.3344,12.04,10.43,1.15436241610738,0.0623421784952748,0,32
"HOXC9","HOXC9",1e-04,3e-04,5.69,3.84,1.48177083333333,0.17078104202754,0.683124168110161,10,1,0.8664,4.42,4.65,0.950537634408602,-0.0220306835408621,0,10
"HOXD11","HOXD11",1e-05,0,25.44,21.24,1.19774011299435,0.0783625945669448,0.391812972834724,31,1,0.3344,26.19,23.99,1.0917048770321,0.0381052504574015,0,31
"HOXD12","HOXD12",0.01,0.0266,16.18,14.21,1.13863476425053,0.0563844393487837,0.112768878697567,32,1,0.7282,16.64,16.31,1.02023298589822,0.00869936091442934,0,32
"HOXD13","HOXD13",0.01,0.0092,15.06,12.82,1.17472698907956,0.0699369466818832,0.139873893363766,32,1,0.7684,15.04,14.91,1.00871898054997,0.00377019280262883,0,32
"HRE","HRE",0.1,0.0597,1.76,1.2,1.46666666666667,0.166331421766525,0.166331421766525,148,1,0.8852,1.06,1.18,0.898305084745763,-0.0465761420413551,0,148
"IRF1","IRF1",0.01,0.0229,1.44,0.85,1.69411764705882,0.228943566380957,0.457887132761914,53,1,0.3836,1.42,0.92,1.54347826086956,0.188500517037501,0,53
"IRF2","IRF2",0.01,0.0096,1.22,0.63,1.93650793650794,0.287019281221166,0.574038562442333,53,0.1,0.2385,1.42,0.78,1.82051282051282,0.260193741692576,0.260193741692576,53
"IRF8","IRF8",0.1,0.0839,1.28,1.17,1.09401709401709,0.0390241079017068,0,51,1,0.938,0.88,1.23,0.715447154471545,-0.145422439289229,0,51
"ISRE(STAT1/STAT2/IRF9)","ISRE(STAT1/STAT2/IRF9)",0.1,0.0427,0.75,0.38,1.97368421052632,0.29527766677489,0.29527766677489,53,1,0.9034,0.35,0.43,0.813953488372093,-0.0894004112293109,0,53
"JunB","JunB",0.001,0.0021,6.28,4.58,1.37117903930131,0.137094165733327,0.411282497199981,17,0.1,0.1861,6.37,4.78,1.3326359832636,0.124711535723232,0.124711535723232,17
"JUND","JUND",0.1,0.034,2.02,1.36,1.48529411764706,0.171812461076406,0.171812461076406,98,1,0.886,1.42,1.57,0.904458598726115,-0.0436113080261772,0,98
"KLF4","KLF4",0.1,0.0361,4.63,3.61,1.28254847645429,0.108073789112295,0.108073789112295,34,1,0.7813,3.36,3.3,1.01818181818182,0.00782533751195662,0,34
"KLF5","KLF5",1e-09,0,16.71,11.75,1.42212765957447,0.152938583285636,1.37644724957073,34,1,0.3941,12.21,10.82,1.12846580406654,0.0524884031743318,0,34
"KLF6","KLF6",1e-06,0,12.61,8.99,1.40266963292547,0.146955394839853,0.881732369039117,35,1,0.3455,9.56,8.16,1.17156862745098,0.0687677335222389,0,35
"KLF9","KLF9",1e-06,0,6.07,3.61,1.6814404432133,0.2256814891696,1.3540889350176,35,0.1,0.1515,5.13,3.6,1.425,0.153814864344529,0.153814864344529,35
"LHX1","LHX1",0.1,0.0845,9.79,8.56,1.14369158878505,0.0583089271259845,0.0583089271259845,44,1,0.5063,10.97,9.96,1.10140562248996,0.0419472891510124,0,44
"LHX2","LHX2",0.01,0.0266,9.63,8.07,1.19330855018587,0.0767527524024641,0.153505504804928,44,0.1,0.2124,11.33,9.33,1.21436227224009,0.0843482661168973,0.0843482661168973,44
"LXH9","LXH9",0.001,0.0036,14.32,11.9,1.20336134453782,0.080396056579306,0.241188169737918,44,1,0.3941,15.04,13.52,1.11242603550296,0.0462711446500063,0,44
"MAFA","MAFA",0.001,0.003,11.92,9.66,1.23395445134576,0.0912991289887243,0.273897386966173,69,1,0.5277,10.8,9.84,1.09756097560976,0.0404286570556082,0,69
"MEF2C","MEF2C",0.1,0.0597,3.03,2.28,1.32894736842105,0.123507781501851,0.123507781501851,45,1,0.7462,3.36,3.22,1.04347826086957,0.0184834056940131,0,45
"MITF","MITF",1e-08,0,12.67,8.57,1.47841306884481,0.169795792960243,1.35836634368195,139,0.1,0.1122,11.33,8.82,1.28458049886621,0.108761324731577,0.108761324731577,139
"MYB","MYB",0.1,0.0854,20.76,19.06,1.08919202518363,0.0371044528741127,0.0371044528741127,21,1,0.5782,21.77,20.69,1.0521991300145,0.0220979383753597,0,21
"NANOG","NANOG",0.1,0.0872,44.6,42.49,1.0496587432337,0.0210481276226275,0.0210481276226275,32,0.1,0.2261,47.26,44.06,1.07262823422606,0.0304492244816014,0.0304492244816014,32
"NFE2L2","NFE2L2",0.1,0.0664,0.48,0.33,1.37142857142857,0.137173193025312,0,17,0.1,0.1515,0.35,0.32,1,0,0,17
"NKX3-1","NKX3-1",0.001,0.0033,23.58,20.56,1.14688715953307,0.0595206904358322,0.178562071307497,11,1,0.8225,20.35,20.53,0.99123234291281,-0.00382453580935305,0,11
"NKX3-2","NKX3-2",0.1,0.0472,22.3,20.28,1.09960552268245,0.0412369123868623,0.0412369123868623,11,1,0.5054,21.42,20.07,1.06726457399103,0.0282720940083513,0,11
"NR1D1(NR)","NR1D1(NR)",0.01,0.0101,1.86,1.11,1.67567567567568,0.224189965431259,0.448379930862517,140,0.1,0.2213,1.59,0.88,1.80681818181818,0.256914452170283,0.256914452170283,140
"NR1H2(NR)","NR1H2(NR)",0.01,0.0092,0.8,0.34,2.35294117647059,0.371611069949688,0.743222139899377,83,1,0.3689,0.71,0.35,2.02857142857143,0.3071903043688,0,83
"NR1H4(NR)","NR1H4(NR)",0.001,6e-04,4.42,2.88,1.53472222222222,0.186029781589861,0.558089344769583,74,1,0.736,2.83,2.68,1.05597014925373,0.0236516414955014,0,74
"OTX2","OTX2",0.01,0.0042,6.81,5.16,1.31976744186047,0.120497410285574,0.240994820571148,37,1,0.8206,5.66,5.72,0.98951048951049,-0.00457959760475274,0,37
"PAX3_FKHR_fusion","PAX3_FKHR_fusion",0.1,0.0919,1.92,1.39,1.38129496402878,0.140286428449454,0.140286428449454,49,1,0.6735,1.77,1.55,1.14193548387097,0.0576415681915151,0,49
"PAX5","PAX5",0.001,0.0037,1.65,0.91,1.41492537313433,0.15073353463724,0.452200603911719,6,1,0.6735,0.88,0.97,0.907216494845361,-0.0422890621160762,0,6
"PBX3","PBX3",0.01,0.0227,3.51,2.55,1.37647058823529,0.138766936031869,0.277533872063738,119,1,0.2923,3.36,2.43,1.38271604938272,0.140733003791532,0,119
"PITX1","PITX1",0.01,0.0222,1.12,1.71,0.654970760233918,-0.183778087721972,0,8,1,0.7074,1.77,1.83,0.967213114754098,-0.0144778233686229,0,8
"PKNOX1","PKNOX1",0.01,0.0283,3.25,2.36,1.3771186440678,0.138971358008768,0.277942716017536,120,1,0.5758,2.83,2.38,1.1890756302521,0.0752094784677783,0,120
"PRDM1","PRDM1",0.1,0.0828,4.9,4.01,1.22194513715711,0.0870517074083314,0.0870517074083313,122,1,0.85,3.54,3.7,0.956756756756757,-0.0191984620412072,0,122
"RARA(NR)","RARA(NR)",0.001,7e-04,30.49,26.71,1.14152002995133,0.0574835363440078,0.172450609032023,160,0.1,0.2213,29.38,26.48,1.1095166163142,0.0451338106865754,0.0451338106865754,160
"RBPJ","RBPJ",0.1,0.0973,3.51,3.17,1.10725552050473,0.0442478542480726,0,8,0.1,0.1333,1.59,2.94,0.540816326530612,-0.266950206091706,0,8
"RFX1","RFX1",1e-09,0,4.2,1.93,2.17616580310881,0.337691981390127,3.03922783251114,34,1,0.809,1.95,1.92,1.015625,0.0067333826589684,0,34
"RFX2","RFX2",1e-13,0,3.03,1.08,2.80555555555556,0.448018873015355,4.48018873015355,32,0.1,0.2728,1.06,1.08,0.821705426356589,-0.0852838450344787,0,32
"RFX3","RFX3",1e-10,0,3.25,1.23,2.64227642276423,0.421978249539476,4.21978249539476,34,1,0.8976,1.06,1.21,0.87603305785124,-0.0574795050516798,0,34
"RFX5","RFX5",1e-07,0,4.63,2.48,1.86693548387097,0.271129310191737,1.89790517134216,46,1,0.5054,3.19,2.61,1.22222222222222,0.0871501757189002,0,46
"RORA(NR)","RORA(NR)",0.1,0.0631,1.49,0.98,1.52040816326531,0.181960192719779,0.181960192719779,4,1,0.4668,1.42,0.99,1.43434343434343,0.156653149785507,0,4
"RORG(NR)","RORG(NR)",0.1,0.0317,1.28,0.76,1.68421052631579,0.226396377367077,0.226396377367077,4,0.1,0.1249,1.59,0.75,2.12,0.326335860928751,0.326335860928751,4
"SOX15","SOX15",1e-06,0,12.19,8.79,1.386803185438,0.14201483054461,0.85208898326766,74,1,0.299,10.62,9,1.18,0.0718820073061253,0,74
"SPI1","SPI1",0.01,0.0228,5.38,4.64,1.15948275862069,0.0642642951115083,0.0642642951115083,15,1,0.8205,4.25,4.27,0.992731048805815,-0.00316839484843447,0,15
"SPIB","SPIB",0.01,0.0113,2.87,1.93,1.48704663212435,0.172324587726219,0.344649175452437,56,1,0.8712,1.77,1.91,0.926701570680628,-0.0330601008859209,0,56
"SREBF2","SREBF2",0.1,0.0773,1.54,1.05,1.46666666666667,0.166331421766525,0.166331421766525,68,1,0.6575,1.24,1.02,1.2156862745098,0.0848215134003175,0,68
"STAT1","STAT1",0.1,0.0948,1.92,1.39,1.38129496402878,0.140286428449454,0.140286428449454,23,1,0.9191,1.24,1.47,0.843537414965986,-0.073895649585941,0,23
"STAT5A","STAT5A",0.1,0.0721,1.97,1.4,1.40714285714286,0.148338190483355,0.148338190483355,23,1,0.9034,1.24,1.43,0.867132867132867,-0.0619143523028267,0,23
"TCF7","TCF7",0.01,0.0164,4.26,3.14,1.35668789808917,0.132479951029504,0.264959902059008,93,0.1,0.1766,4.42,3.07,1.43973941368078,0.158283893871905,0.158283893871905,93
"TEAD2","TEAD2",1e-11,0,6.55,3.29,1.95942028985507,0.292127600868362,3.21340360955198,27,0.1,0.2177,3.89,3.28,1.1859756097561,0.0740757576140287,0,27
"TEAD4","TEAD4",1e-10,0,9.95,6.11,1.62847790507365,0.211781870503171,2.11781870503171,28,0.1,0.2022,7.61,5.92,1.28547297297297,0.109062950047653,0.109062950047653,28
"TP53","TP53",0.1,0.0695,0.05,0.06,0.833333333333333,-0.0791812460476248,0,1,1,0.3985,0,0.08,0,0,0,1
"ZFP281","ZFP281",1e-07,0,3.3,1.55,2.12903225806452,0.328182241707596,2.29727569195317,156,1,0.6127,1.59,1.28,1.2421875,0.094187154672583,0,156
"ZNF189","ZNF189",0.1,0.0667,7.34,6.2,1.18387096774194,0.0733043704178166,0.0733043704178166,108,1,0.7813,6.19,6.13,1.00978792822186,0.00423017450170298,0,108
"ZNF263","ZNF263",0.001,8e-04,30.44,26.71,1.13964807188319,0.0567707600771624,0.170312280231487,80,1,0.7282,23.89,23.52,1.01573129251701,0.006778832345777,0,80
"ZNF467","ZNF467",0.001,0.001,9.53,7.3,1.30547945205479,0.115770040517871,0.347310121553612,139,0.1,0.1351,8.14,6.12,1.33006535947712,0.12387298274364,0.12387298274364,139
"ZNF519","ZNF519",0.1,0.0869,2.18,1.61,1.35403726708075,0.131630617572755,0.131630617572755,143,1,0.33,2.12,1.44,1.47222222222222,0.167973368833502,0,143
"ZNF669","ZNF669",0.01,0.0278,1.06,0.59,1.79661016949153,0.254453853622626,0.508907707245252,74,1,0.3345,1.06,0.59,1.79661016949153,0.254453853622626,0,74
"ZNF7","ZNF7",0.01,0.0048,5.59,4.11,1.36009732360097,0.133569986010354,0.267139972020708,16,0.1,0.2107,5.66,4.23,1.33806146572104,0.126476063813229,0.126476063813229,16
"ZSCAN22","ZSCAN22",0.01,0.0266,1.6,0.99,1.61616161616162,0.208484788058375,0.41696957611675,114,1,0.6735,0.88,0.71,1.23943661971831,0.0932243234310934,0,114
"EBNA1(EBV-virus)","EBNA1(EBV-virus)",1,0.6683,0.05,0.03,1.66666666666667,0.221848749616356,0,151,0.1,0.0872,0.35,0.03,11.6666666666667,1.06694678963061,1.06694678963061,151
"ETS1","ETS1",0.1,0.1587,3.83,3.39,1.0648401826484,0.0272844312468582,0,24,0.001,0.0048,4.07,3.48,1.06088560885609,0.0256685581512435,0,24
"GRE(NR)","GRE(NR)",1,0.8917,1.81,1.96,0.923469387755102,-0.0345774964872915,0,78,0.01,0.0638,3.54,1.96,1.80612244897959,0.256747190669312,0.513494381338623,78
"MYC","MYC",1,0.325,4.42,4.05,1.09135802469136,0.0379672461344234,0,13,0.1,0.0714,6.19,4.09,1.39661654135338,0.145077181465527,0.145077181465527,13
"MYCN","MYCN",0.1,0.1736,7.34,6.5,1.12923076923077,0.052782703273215,0.052782703273215,13,0.001,0.0103,10.27,6.56,1.5655487804878,0.194666604221618,0.583999812664854,13
"NFE2","NFE2",0.1,0.1271,0.75,0.46,1.6304347826087,0.212303431710126,0.212303431710126,17,0.01,0.0399,1.42,0.45,3.15555555555556,0.499075830607713,0.998151661215425,17
"NFKB1_RELA","NFKB1_RELA",0.1,0.1872,0.59,0.36,1.05527638190955,0.0233662183242127,0,53,0.001,0.0126,1.42,0.34,1.3,0.113943352306837,0,53
"NR3C1_GRE(NR)","NR3C1_GRE(NR)",1,0.3392,1.22,0.99,1.23232323232323,0.0907246360771983,0,80,0.1,0.0689,2.12,0.97,2.18556701030928,0.339564126662507,0.339564126662507,80
"PLAGL1","PLAGL1",1,0.3131,22.83,21.84,1.04532967032967,0.0192532774575356,0,61,0.1,0.0916,23.19,19.5,1.18923076923077,0.0752661372754694,0.0752661372754694,61
"RUNX2","RUNX2",1,0.5421,8.46,8.18,1.03422982885086,0.0146170593677006,0,43,0.001,0.0045,12.92,8.36,1.54545454545455,0.189056236220049,0.567168708660147,43
"TAL1","TAL1",0.1,0.1784,60.88,59.25,1.02751054852321,0.0117862890803749,0.0117862890803749,8,0.1,0.0916,63.54,59.07,1.07567293042153,0.031680239633348,0.031680239633348,8
"ZIC3","ZIC3",1,0.325,7.4,6.81,1.08663729809104,0.036084607818191,0,12,0.01,0.0295,9.2,6.15,1.49593495934959,0.174912711570138,0.349825423140277,12
"ZNF675","ZNF675",0.1,0.218,1.6,1.24,1.29032258064516,0.11069829749369,0.11069829749369,38,0.1,0.0969,2.3,1.19,1.9327731092437,0.286180874625062,0.286180874625062,38
"ARNTL","ARNTL",1e-05,0,24.32,19.94,1.21965897693079,0.0862384166250604,0.431192083125302,13,0.01,0.0284,25.13,20.14,1.24776564051639,0.0961330223749768,0.192266044749953,13
"BACH2","BACH2",0.001,5e-04,2.71,1.53,1.77124183006536,0.248277860056807,0.744833580170421,17,0.001,0.0098,3.72,1.63,2.28220858895706,0.35835533547794,1.07506600643382,17
"BATF","BATF",0.001,6e-04,7.13,5.14,1.38715953307393,0.14212641085659,0.426379232569769,17,0.1,0.0948,7.61,5.45,1.39633027522936,0.14498815449393,0.14498815449393,17
"bHLHE41","bHLHE41",0.1,0.0598,14.21,12.61,1.1268834258525,0.0518789913543882,0.0518789913543882,13,0.01,0.0292,17.88,13.61,1.31373989713446,0.118509389256564,0.237018778513128,13
"CLOCK","CLOCK",0.01,0.0054,7.72,5.99,1.28881469115192,0.110190477946425,0.220380955892849,13,1e-04,0.0011,10.8,6.27,1.72248803827751,0.236156214656233,0.944624858624933,13
"CTCF","CTCF",1e-12,0,4.2,1.67,2.51497005988024,0.400532819250317,4.80639383100381,83,1e-12,0,7.08,1.77,4,0.602059991327962,7.22471989593555,83
"CTCFL","CTCFL",1e-07,0,4.74,2.57,1.8443579766537,0.265845218342791,1.86091652839953,83,1e-09,0,7.79,2.53,3.07905138339921,0.488416936496746,4.39575242847072,83
"EBOX_promoter","EBOX_promoter",1e-05,0,1.97,0.85,2.31764705882353,0.3650473004473,1.8252365022365,13,0.01,0.0181,2.65,1.05,2.52380952380952,0.40205657486687,0.804113149733739,13
"FOSL2","FOSL2",0.001,0.0029,4.04,2.74,1.3142144638404,0.118666242592364,0.237332485184728,17,0.01,0.0399,4.96,2.89,1.57611241217799,0.197587189198953,0.395174378397906,17
"FOXA1","FOXA1",1e-06,0,0.59,0.61,0.967213114754098,-0.0144778233686229,0,28,0.1,0.0704,0.18,0.66,0.272727272727273,-0.564271430438563,0,28
"FOXK1","FOXK1",1e-07,0,15.33,11.1,1.38108108108108,0.140219176067718,0.981534232474024,30,0.001,0.0075,18.23,13.12,1.38948170731707,0.142852833615335,0.428558500846005,30
"FOXK2","FOXK2",1e-06,0,10.06,6.96,1.44540229885057,0.159988741109346,0.959932446656079,30,0.01,0.0255,11.86,8.24,1.43932038834951,0.158157477331128,0.316314954662256,30
"FOXM1","FOXM1",1e-05,0,11.34,8.23,1.3778857837181,0.139213219344618,0.69606609672309,30,0.01,0.04,13.27,9.81,1.35270132517839,0.131201915484487,0.262403830968974,30
"FOXO1","FOXO1",1e-10,0,26.5,20.25,1.30864197530864,0.11682084638612,1.1682084638612,94,0.001,0.0073,28.14,21.93,1.28317373461012,0.108285461421204,0.324856384263612,94
"FOXO3","FOXO3",1e-10,0,12.56,8.04,1.56218905472637,0.193733590652726,1.93733590652726,30,0.001,0.0075,14.34,9.78,1.46625766871166,0.16621029654418,0.498630889632539,30
"FOXP1","FOXP1",1e-07,0,7.98,4.95,1.61212121212121,0.207397692417161,1.45178384692012,30,0.1,0.0872,8.5,6.12,1.38888888888889,0.142667503568732,0.142667503568732,30
"HNF4A(NR)","HNF4A(NR)",1e-12,0,7.45,3.8,1.96052631578947,0.292372676131483,3.50847211357779,22,1e-05,1e-04,7.61,3.42,2.22514619883041,0.347358550714438,1.73679275357219,22
"HOXA1","HOXA1",1e-04,1e-04,4.42,2.7,1.63703703703704,0.214058505190105,0.856234020760418,10,0.1,0.0995,4.42,2.83,1.56183745583039,0.193635833824802,0.193635833824802,10
"HOXA2","HOXA2",0.1,0.0424,1.6,1.03,1.55339805825243,0.191282757950753,0.191282757950753,10,0.01,0.0414,2.48,1.11,2.23423423423423,0.349128702039559,0.698257404079117,10
"HOXA9","HOXA9",0.01,0.0266,26.88,24.47,1.09848794442174,0.0407952950299985,0.081590590059997,32,0.1,0.0865,30.8,26.59,1.15833019932305,0.0638323791688773,0.0638323791688773,32
"HOXB4","HOXB4",1e-05,0,3.51,1.86,1.88709677419355,0.275794172247908,1.37897086123954,10,0.1,0.0865,3.54,2.05,1.72682926829268,0.237249400970034,0.237249400970034,10
"JUN","JUN",1e-06,0,3.09,1.72,1.67295597484277,0.223484512310616,1.01772013006914,17,0.001,0.0049,3.54,1.85,0.980609418282549,-0.00850393987987007,0,17
"KLF10","KLF10",1e-07,0,18.41,14.01,1.3140613847252,0.11861565321824,0.830309572527681,70,0.01,0.0573,14.51,11.13,1.303683737646,0.115172248103028,0.230344496206055,70
"KLF14","KLF14",1e-28,0,27.99,17.58,1.59215017064846,0.201984027728409,5.65555277639546,35,0.01,0.033,19.65,15.34,1.28096479791395,0.107537195098483,0.215074390196967,35
"KLF3","KLF3",0.001,6e-04,5.91,4.1,1.44146341463415,0.15880362416152,0.47641087248456,35,0.01,0.0199,6.73,3.98,1.69095477386935,0.228131992150289,0.456263984300578,35
"LHX3","LHX3",1e-05,0,17.56,13.97,1.25697924123121,0.0993281054559018,0.496640527279509,43,0.01,0.0572,20.18,16.24,1.24261083743842,0.0943351369957352,0.18867027399147,43
"MAX","MAX",0.01,0.0268,7.45,6.08,1.22532894736842,0.0882526934755579,0.176505386951116,13,0.01,0.0568,9.2,6.48,1.41975308641975,0.152212821474962,0.304425642949924,13
"MAZ","MAZ",1e-22,0,21.71,13.39,1.62135922330097,0.209879246442411,4.61734342173304,102,0.01,0.033,15.04,11.22,1.34046345811052,0.127254979335481,0.254509958670961,102
"MEIS1","MEIS1",1e-06,0,24.64,20,1.232,0.0906107078284066,0.54366424697044,174,0.01,0.0272,24.78,19.77,1.25341426403642,0.0980946327263724,0.196189265452745,174
"MNT","MNT",0.01,0.0228,12.24,10.44,1.17241379310345,0.0690809191432991,0.138161838286598,144,0.001,0.0098,14.69,10.2,1.44019607843137,0.158421624028339,0.475264872085017,144
"MYBL1","MYBL1",0.01,0.026,18.31,16.22,1.1288532675709,0.0526374944265593,0.105274988853119,21,0.1,0.0969,20.88,17.45,1.19656160458453,0.0779350630350259,0.0779350630350259,21
"NFIL3","NFIL3",1e-04,3e-04,7.4,5.26,1.40684410646388,0.148245975577237,0.592983902308948,127,0.01,0.0332,9.56,6.52,1.46625766871166,0.16621029654418,0.33242059308836,127
"NFYA","NFYA",1e-11,0,13.78,8.95,1.53966480446927,0.187426182255695,2.06168800481265,166,0.01,0.0573,12.21,9.1,1.34175824175824,0.127674271623789,0.255348543247578,166
"NPAS2","NPAS2",1e-05,0,12.45,10.99,1.13284804367607,0.0541716590082645,0.0541716590082645,13,0.01,0.0573,14.69,11.3,1.17209554831705,0.0689630164734006,0.0689630164734006,13
"NR2C2(NR)","NR2C2(NR)",1e-21,0,5.38,1.73,3.10982658959538,0.492736172537594,10.3474596232895,22,1e-08,0,5.31,1.48,3.58783783783784,0.554832805686512,4.43866244549209,22
"NR2F2(NR)","NR2F2(NR)",1e-19,0,21.87,14.15,1.49240654205607,0.173887144129597,3.30385573846235,60,1e-05,1e-04,19.12,13.4,1.42686567164179,0.154383089575274,0.617532358301094,60
"NR2F6(NR)","NR2F6(NR)",1e-18,0,20.01,12.64,1.58306962025316,0.199500014689845,3.59100026441721,61,1e-05,2e-04,18.58,12.05,1.54190871369295,0.188058662746736,0.940293313733679,61
"NR4A1(NR)","NR4A1(NR)",1e-06,0,3.89,2.11,1.8436018957346,0.265667146028015,1.59400287616809,69,0.1,0.0928,3.54,2.1,1.68571428571429,0.226783967291869,0.226783967291868,69
"PBX2","PBX2",1e-07,0,10.91,7.5,1.45466666666667,0.162763487196642,1.13934441037649,10,0.001,0.0126,12.21,8.24,1.48179611650485,0.170788452247767,0.5123653567433,10
"PDX1","PDX1",1e-04,1e-04,11.23,8.47,1.3258559622196,0.122496345930751,0.489985383723003,10,0.01,0.0292,13.1,9.4,1.3936170212766,0.144143442056066,0.288286884112131,10
"PPARA(NR)","PPARA(NR)",1e-12,0,14.9,9.67,1.54084798345398,0.187759794329272,2.25311753195127,22,1e-06,1e-04,14.87,8.64,1.72106481481481,0.235797226043061,1.41478335625836,22
"PPARG(NR)","PPARG(NR)",1e-08,0,13.3,9.19,1.44722524483134,0.160536129580975,1.2842890366478,22,1e-05,3e-04,13.45,8.05,1.67080745341615,0.222926403970558,1.11463201985279,22
"RAR_RXR(NR)","RAR_RXR(NR)",0.01,0.0042,0.8,0.31,1.44285714285714,0.159223333768386,0.159223333768386,160,0.01,0.0255,1.06,0.3,1.73770491803279,0.239976030254003,0,160
"REST","REST",1e-83,0,4.1,0.14,29.2857142857143,1.4666558210415,121.732433146444,50,1e-13,0,2.48,0.12,20.6666666666667,1.31527043477859,17.0985156521217,50
"RORC(NR)","RORC(NR)",0.01,0.0228,1.65,1.02,1.61764705882353,0.208883772451989,0.417767544903977,4,0.1,0.0916,2.12,1.04,2.03846153846154,0.309302521629971,0.309302521629971,4
"RUNX1","RUNX1",0.01,0.0152,1.17,0.62,0.906306306306306,-0.0427249980667488,0,41,0.01,0.0468,1.06,0.61,1.21371326803206,0.0841160995732158,0,41
"RXRA(NR)","RXRA(NR)",1e-05,0,13.84,10.52,1.31558935361217,0.119120350303019,0.595601751515094,22,1e-05,1e-04,15.22,9.06,1.67991169977925,0.225286454757741,1.1264322737887,22
"SIX1","SIX1",1e-08,0,4.1,1.98,2.07070707070707,0.316118666458204,2.52894933166563,65,0.001,0.0126,4.42,2.16,2.0462962962963,0.310968518198161,0.932905554594483,65
"SIX2","SIX2",1e-04,2e-04,10.27,7.73,1.32858990944373,0.123390949678953,0.493563798715813,63,0.01,0.0521,11.5,8.41,1.36741973840666,0.135901844555699,0.271803689111399,63
"SIX4","SIX4",1e-05,0,1.33,0.45,2.95555555555556,0.470639127191742,2.35319563595871,64,0.1,0.0969,1.24,0.47,2.63829787234043,0.421323827226518,0.421323827226518,64
"SOX10","SOX10",1e-13,0,21.18,14.71,1.43983684568321,0.158313283043936,2.05807267957117,74,0.1,0.0865,18.41,14.95,1.2314381270903,0.0904125958435662,0.0904125958435662,74
"SOX17","SOX17",1e-09,0,8.89,5.39,1.64935064935065,0.217312995783475,1.95581696205127,73,0.1,0.0958,7.61,5.45,1.39633027522936,0.14498815449393,0.14498815449393,73
"SOX2","SOX2",1e-09,0,11.92,7.76,1.5360824742268,0.186414534146029,1.67773080731426,74,0.001,0.0073,11.86,7.7,1.54025974025974,0.187593963855762,0.562781891567286,74
"SOX3","SOX3",1e-13,0,22.25,15.74,1.4135959339263,0.150325287293905,1.95422873482076,74,0.1,0.0689,19.82,16.07,1.23335407591786,0.091087773385912,0.091087773385912,74
"SOX4","SOX4",1e-08,0,11.34,7.56,1.5,0.176091259055681,1.40873007244545,74,0.1,0.0795,10.62,7.9,1.34430379746835,0.128497425455009,0.128497425455009,74
"SOX6","SOX6",1e-08,0,19.37,14.38,1.34700973574409,0.129370734672247,1.03496587737798,73,0.01,0.0326,19.29,14.97,1.28857715430862,0.110110427300832,0.220220854601664,73
"SOX9","SOX9",0.001,0.0039,9.21,7.26,1.26859504132231,0.103323009496755,0.309969028490266,102,0.1,0.0887,9.2,6.75,1.36296296296296,0.13448405451453,0.13448405451453,102
"SP1","SP1",0.01,0.01,2.93,1.96,1.49489795918367,0.174611548997633,0.349223097995267,35,0.01,0.0295,3.72,1.87,1.98930481283422,0.298701333345398,0.597402666690797,35
"SP2","SP2",1e-11,0,18.84,13.28,1.41867469879518,0.15188282342486,1.67071105767346,35,0.01,0.051,15.93,12.3,1.29512195121951,0.112310664361733,0.224621328723467,35
"SP5","SP5",1e-14,0,16.29,10.46,1.55736137667304,0.192389399777254,2.69345159688155,35,0.01,0.0284,13.1,9.37,1.39807897545358,0.145531704767986,0.291063409535972,35
"TBX20","TBX20",0.001,0.0031,3.94,2.66,1.4812030075188,0.170614585194507,0.511843755583521,106,0.1,0.091,4.42,2.77,1.5956678700361,0.202942500284643,0.202942500284643,106
"TEAD1","TEAD1",1e-15,0,11.18,6.26,1.78594249201278,0.251867470339975,3.77801205509962,28,0.01,0.0538,9.03,6.31,1.4310618066561,0.155658391069371,0.311316782138743,28
"TEAD3","TEAD3",1e-11,0,11.76,7.24,1.62430939226519,0.210668755542973,2.3173563109727,28,0.1,0.091,9.91,7.38,1.34281842818428,0.128017292662234,0.128017292662234,28
"TFE3","TFE3",1e-05,0,2.13,0.91,2.34065934065934,0.369338211117644,1.84669105558822,13,1e-06,1e-04,3.89,1.12,3.47321428571429,0.540731578655526,3.24438947193316,13
"TGIF1","TGIF1",1e-09,0,41.25,34.48,1.19634570765661,0.0778566957332687,0.700710261599419,94,0.01,0.0329,40,34.42,1.16211504938989,0.0652491253364209,0.130498250672842,94
"TGIF2","TGIF2",1e-08,0,42.42,35.96,1.17964404894327,0.0717509811193519,0.574007848954815,94,0.1,0.0783,41.06,36.39,1.12833195932949,0.0524368894483377,0.0524368894483377,94
"THRB(NR)","THRB(NR)",1e-05,0,6.01,5.26,1.13645673323093,0.0555529060735311,0.0578887278490005,61,0.01,0.0199,7.96,4.94,1.15227333871402,0.0615555133008434,0.123111026601687,61
"USF1","USF1",1e-05,0,7.03,4.59,1.53159041394336,0.185142639482563,0.925713197412814,13,0.01,0.0292,7.79,4.96,1.57056451612903,0.196055781182367,0.392111562364734,13
"USF2","USF2",1e-09,0,5.48,2.85,1.92280701754386,0.283935698475859,2.55542128628273,99,1e-05,1e-04,7.08,3.13,2.26198083067093,0.354488920143321,1.7724446007166,99
"WT1","WT1",1e-05,0,10.86,7.8,1.39230769230769,0.143735222562348,0.718676112811738,19,0.01,0.0387,9.2,6.28,1.46496815286624,0.165828183608359,0.331656367216718,19
"ZIC1","ZIC1",0.1,0.0629,10.96,9.56,1.14644351464435,0.0593526618722503,0.0593526618722503,12,0.1,0.081,12.21,9.32,1.31008583690987,0.117299751590901,0.117299751590901,12
