"","FattyAcid","D1m_PreD.pvalue","D1m_PreD.FC","D1m_NonD.pvalue","D1m_NonD.FC","D1m_Dexit.pvalue","D1m_Dexit.FC","D1m_D6d.pvalue","D1m_D6d.FC","D6d_PreD.pvalue","D6d_PreD.FC","D6d_NonD.pvalue","D6d_NonD.FC","D6d_Dexit.pvalue","D6d_Dexit.FC","NonD_PreD.pvalue","NonD_PreD.FC","NonD_Dexit.pvalue","NonD_Dexit.FC","PreDY_Dexit.pvalue","PreDY_Dexit.FC","NfurY_NfurO.pvalue","NfurY_NfurO.FC","Nfur_Ast.pvalue","Nfur_Ast.FC","D6d.mean.FC","D1m.mean.FC"
"ALL_DLinked","ALL_DLinked",0.326413981960253,0.218895010280308,5.14643584364547e-05,1.40727270247199,7.56448660749545e-06,1.62389232945778,0.835146450506228,0.0337904244779339,0.47434660241415,0.185104585802374,0.00584769034905767,1.37348227799406,0.00487146822960346,1.59010190497984,0.0229932520769592,-1.18837769219168,0.276983416506585,0.216619626985788,0.0176851162301727,1.40499731917747,0.386593956025525,-0.556274834711441,0.215920294356132,-0.785287634023215,0.779293431898217,0.813083856376149
"ALL_EtherLinked","ALL_EtherLinked",0.000619063369678086,0.709213933505268,0.283179616123956,0.0913451730582421,0.00184199484320234,0.240463041804855,0.435530988267194,-0.0549276438237422,0.000299931482217966,0.76414157732901,0.148587659160336,0.146272816881984,0.0129714558181492,0.295390685628597,0.00300838662887778,0.617868760447026,0.150110622285226,0.149117868746612,0.00742634926550343,-0.468750891700413,0.0221167663664421,-0.359115732896612,5.56142366722986e-05,-1.06303381503947,0.455207197105497,0.400279553281755
"ALL_LongChainFA","ALL_LongChainFA",0.256992423672041,0.1910847337197,0.00104131498639414,1.31690042123098,0.000152460369024665,1.37284579918328,0.618726325795379,0.0753817483695258,0.545944058771252,0.115702985350174,0.00575219721169533,1.24151867286146,0.00190602630144011,1.29746405081375,0.00923167455408735,-1.12581568751128,0.779552301603637,0.0559453779522931,0.00379191822807277,1.18176106546358,0.158268726786581,-0.983948812852109,0.0378696058127965,-0.957345576637176,0.678610829105817,0.75399257747534
"ALL_MediumChainFA","ALL_MediumChainFA",0.0847331735926792,-0.145369501415042,0.00274371913948164,-0.395251599635755,0.00366207352144624,-0.199332485130263,0.562004085466766,0.0865040088824432,0.162765044007438,-0.231873510297486,0.017862443618218,-0.481755608518198,0.100043448094763,-0.285836494012706,0.0130404676330874,0.249882098220713,0.0357746482497935,0.195919114505492,0.39991614689949,-0.0539629837152205,0.0158305467330031,0.357574267341098,8.35736310410505e-07,-1.09295082032347,-0.356814559407842,-0.270310550525399
"ALL_MUFA","ALL_MUFA",0.108467593033812,0.262706680165616,0.00191938750858296,1.01536466271394,0.000309452138416542,1.04988034813534,0.6849697498395,0.0567447526688541,0.253361131594229,0.205961927496762,0.00733545212149804,0.958619910045084,0.00287607117220729,0.993135595466485,0.0157778204010664,-0.752657982548322,0.794215216712349,0.0345156854214007,0.00805298596475934,0.787173667969723,0.0282304279248918,-1.20707846401226,0.0744077389920548,-0.581674864548359,0.582290918770923,0.639035671439778
"ALL_PUFA","ALL_PUFA",0.184892414496869,0.253014489706013,0.00435135519725591,1.22975996747578,0.00139459490564927,1.29979261822944,0.398301861665855,0.170539061019014,0.694368531446071,0.0824754286869993,0.0148926403737583,1.05922090645676,0.00811555818619646,1.12925355721043,0.00959066976360115,-0.976745477769764,0.70028534178784,0.0700326507536621,0.00404942415009501,1.04677812852343,0.140621831374429,-0.869661504229541,0.0441976959121334,-0.993545303526527,0.57084816757188,0.741387228590896
"ALL_SFA","ALL_SFA",0.352166187506763,0.153778184985459,0.000263841819920779,1.33967125630465,8.74427566436896e-05,1.4024941514177,0.870391298238949,0.0211375891352772,0.481768830501875,0.132640595850182,0.00355259080170737,1.31853366716938,0.000878072616370956,1.38135656228242,0.00978519769717393,-1.18589307131919,0.761755963029451,0.062822895113046,0.00423116230813556,1.24871596643224,0.178455318443278,-1.00895341017786,0.0339819519115888,-0.950226578593023,0.725587131509781,0.746724720645054
"ALL_ShortChainFA","ALL_ShortChainFA",0.435541410518602,0.221076760765293,0.080750811218005,-1.03993535608194,0.010338711195248,-0.791368052215857,0.00398674468223882,-1.12921479756153,0.002444420553912,1.35029155832682,0.763778309570367,0.0892794414795858,0.122729165903426,0.337846745345671,0.0621425374958379,1.26101211684724,0.46032120676579,0.248567303866085,0.00472010067616537,-1.01244481298115,0.0058734425063852,-0.901394345480123,0.558929146428071,-0.246430559821896,0.719785499903203,-0.409429297658323
"ALL_TLinked","ALL_TLinked",0.156563302835375,0.336579685427935,0.00347337270934887,1.98150656135061,0.00266116206265282,2.24438252188152,0.555661049078222,-0.118803306440943,0.061220503616976,0.455382991868878,0.00234820267165161,2.10030986779155,0.00180435634478799,2.36318582832246,0.00522076114910327,-1.64492687592268,0.288714654567987,0.262875960530907,0.00367183915216469,1.90780283645358,0.0750333745797513,-0.82455481445376,0.972581451252696,-0.0123720976956171,1.27784642983021,1.15904312338927
"ALL_VeryLongChainFA","ALL_VeryLongChainFA",0.113276721984274,0.285408952994637,0.00722241022947851,0.478937742278346,0.00154663007337162,0.63808579137866,0.586619319935369,-0.0619180998504735,0.0741177042181292,0.347327052845111,0.0132076414715778,0.54085584212882,0.00509881920097374,0.700003891229134,0.292905983341399,-0.193528789283709,0.0260206435626355,0.159148049100314,0.112864833237815,0.352676838384023,0.0898989596039308,-0.969719487612989,0.125347308866891,-0.385544511720588,0.444091447486965,0.382173347636491
"Cer_DLinked","Cer_DLinked",0.973414776924834,-0.00859807415751705,0.0005305887089223,1.53520006844783,0.000250570706923749,1.87372697659608,0.900489254621267,-0.0289233106524617,0.94757000843621,0.0203252364949446,0.0115671431761532,1.56412337910029,0.00964446554555102,1.90265028724855,0.0189990155555502,-1.54379814260535,0.323183552297611,0.338526908148251,0.0153552882073928,1.8823250507536,0.530286174592201,-0.441744105982382,0.200207412530206,-0.957234183687465,0.792224307797617,0.763300997145156
"Cer_LongChainFA","Cer_LongChainFA",0.984189558961113,0.00499941225011446,0.00050403884305947,1.55525760228589,0.000268917442154475,1.89137988634174,0.869132692112528,-0.0359679735069064,0.889772715144013,0.0409673857570208,0.00860022469819566,1.5912255757928,0.00729865962925111,1.92734785984864,0.0175895248972631,-1.55025819003578,0.31926505231231,0.336122284055844,0.0142243061435554,1.88638047409162,0.500817596548387,-0.461983431405824,0.2052660668761,-0.923849463913226,0.81609648077491,0.780128507268002
"Cer_MUFA","Cer_MUFA",0.0088379567526028,-0.563942234632153,0.0174113712004578,-0.364782430500734,0.498455378394374,-0.0941952045416195,0.000848776248559844,-0.624976676410485,0.585532240974273,0.0610344417783315,0.0138196732393079,0.260194245909751,0.00156729791439475,0.530781471868865,0.150975250290392,-0.199159804131419,0.0433431118838216,0.270587225959114,0.0162625863347194,0.469747030090534,0.0681296107764993,-0.393104501001296,0.09083323883731,0.307664428104334,0.160614343844041,-0.464362332566443
"Cer_PUFA","Cer_PUFA",0.961159867866046,0.0161412412936587,0.00643210257360957,1.34479457732416,0.00348861023641947,1.83233217935826,0.189043813797232,0.491848302375422,0.303868149332698,-0.475707061081764,0.144164457420543,0.85294627494874,0.0687468651583242,1.34048387698284,0.0439662159155045,-1.3286533360305,0.304355664620347,0.4875376020341,0.0296607888317787,1.8161909380646,0.81888156127698,-0.231249278244076,0.098908801983926,-2.15670215294932,0.188619606933488,0.680467909308909
"Cer_PUFA_3","Cer_PUFA_3",0.961159867866046,0.0161412412936587,0.00643210257360957,1.34479457732416,0.00348861023641947,1.83233217935826,0.189043813797232,0.491848302375422,0.303868149332698,-0.475707061081764,0.144164457420543,0.85294627494874,0.0687468651583242,1.34048387698284,0.0439662159155045,-1.3286533360305,0.304355664620347,0.4875376020341,0.0296607888317787,1.8161909380646,0.81888156127698,-0.231249278244076,0.098908801983926,-2.15670215294932,0.188619606933488,0.680467909308909
"Cer_SFA","Cer_SFA",0.971521901053433,0.00904573121133098,0.000495155535195102,1.57977489450077,0.000272229285715214,1.91687470362209,0.879037542569292,-0.0334606011909442,0.886410717393532,0.0425063324022753,0.00864228230636792,1.61323549569171,0.00740831553830402,1.95033530481304,0.0174760131051374,-1.57072916328944,0.32635841669518,0.337099809121321,0.0142498983281213,1.90782897241076,0.502855002632084,-0.463513540018974,0.205868985286423,-0.9280495758892,0.827870914046993,0.79441031285605
"Cer_TLinked","Cer_TLinked",0.306669766686649,0.246910657548665,0.00502026780244543,1.92803007757804,0.0038506048532826,2.20860473347501,0.450576953480007,-0.165719531197869,0.0916156995249599,0.412630188746534,0.00283373224156576,2.09374960877591,0.00218486028269706,2.37432426467287,0.00544303210690802,-1.68111942002937,0.274126074783475,0.280574655896966,0.00384420563599392,1.96169407592634,0.0797642265706584,-0.825735252437378,0.917410047953162,-0.0378285238748006,1.25318989876122,1.08747036756335
"Cer_VeryLongChainFA","Cer_VeryLongChainFA",0.984826288310605,0.00479988190112592,0.000526552940652898,1.55487496123886,0.000287721155940516,1.89056905843996,0.860884487969273,-0.0383106382107692,0.88389836209295,0.0431105201118951,0.00851162899545556,1.59318559944963,0.00725737491484324,1.92887969665073,0.0174853851947658,-1.55007507933773,0.321678878555709,0.335694097201099,0.0141758570286201,1.88576917653883,0.500683543826363,-0.46389086207848,0.206858683840886,-0.923881365114361,0.818148059780763,0.779837421569993
"ChE_LongChainFA","ChE_LongChainFA",0.17629611821613,-1.53856941056526,0.146651338832548,-0.917012143253038,0.056485855549191,-1.3836286365124,0.265298006414344,-1.24249586497033,0.72355806410595,-0.296073545594926,0.668323986900559,0.325483721717292,0.836235967556866,-0.141132771542072,0.423433603235446,-0.621557267312218,0.304510068352513,-0.466616493259364,0.816802514999657,0.154940774052854,0.396195028067239,-2.13490250174903,0.0862256280485319,3.90625668838879,0.014705088061183,-1.22779077690915
"ChE_PUFA","ChE_PUFA",0.573933569989925,-0.419345590563484,0.124567838071311,-0.832973742827468,0.0662056295309413,-1.34660542535328,0.134809276845419,-1.02050887337601,0.313985750397945,0.601163282812528,0.630301849958907,0.187535130548544,0.502827267553968,-0.326096551977271,0.377860849053851,0.413628152263985,0.26326543853955,-0.513631682525814,0.139089660938221,-0.927259834789798,0.345596001589872,-2.62985453771779,0.205105985274883,1.05313729763562,0.394349206680536,-0.626159666695476
"ChE_PUFA_5","ChE_PUFA_5",0.17629611821613,-1.53856941056526,0.146651338832548,-0.917012143253038,0.056485855549191,-1.3836286365124,0.265298006414344,-1.24249586497033,0.72355806410595,-0.296073545594926,0.668323986900559,0.325483721717292,0.836235967556866,-0.141132771542072,0.423433603235446,-0.621557267312218,0.304510068352513,-0.466616493259364,0.816802514999657,0.154940774052854,0.396195028067239,-2.13490250174903,0.0862256280485319,3.90625668838879,0.014705088061183,-1.22779077690915
"ChE_PUFA_6","ChE_PUFA_6",0.952985999581764,-0.0415145125051943,0.126780790157646,-0.815865079462318,0.0684881433014086,-1.3392157453751,0.119780620572987,-0.97255526577741,0.108202739327724,0.931040753272216,0.640331574233329,0.156690186315092,0.438213400851647,-0.366660479597694,0.0913923980155589,0.774350566957124,0.262086524458609,-0.523350665912786,0.0685589198083228,-1.29770123286991,0.329198931569219,-2.8453637435238,0.424145544967626,0.48949830620998,0.543865469793654,-0.428689795983756
"ChE_VeryLongChainFA","ChE_VeryLongChainFA",0.952985999581764,-0.0415145125051943,0.126780790157646,-0.815865079462318,0.0684881433014086,-1.3392157453751,0.119780620572987,-0.97255526577741,0.108202739327724,0.931040753272216,0.640331574233329,0.156690186315092,0.438213400851647,-0.366660479597694,0.0913923980155589,0.774350566957124,0.262086524458609,-0.523350665912786,0.0685589198083228,-1.29770123286991,0.329198931569219,-2.8453637435238,0.424145544967626,0.48949830620998,0.543865469793654,-0.428689795983756
"DG_LongChainFA","DG_LongChainFA",0.856597985866928,-0.0387273516258037,0.000436908316652543,1.34046168584167,0.000151785283566262,1.73622025370164,0.277548457776283,-0.299359180728653,0.382923974965794,0.26063182910285,0.0135330204773313,1.63982086657033,0.0105652341985691,2.03557943443029,0.01185900599643,-1.37918903746748,0.173389201385675,0.395758567859964,0.00845773145629791,1.77494760532744,0.177690158132854,-1.17559029363747,0.0586050495172599,-1.08600530861264,0.95022634783659,0.650867167107933
"DG_MUFA","DG_MUFA",0.599397517182192,-0.0764164490009971,0.00781173092937784,-0.543071331081972,0.044484060634821,-0.380050058468671,0.0029540267517504,-0.51969892351874,0.00609544258142399,0.443282474517743,0.801355418153978,-0.0233724075632312,0.265207231867408,0.139648865050069,0.0129037004629765,0.466654882080975,0.251876271178248,0.163021272613301,0.0837971145624581,-0.303633609467674,0.00656396841188324,-0.982485830087219,0.378482669512612,-0.155550431089837,0.209955033477256,-0.309743890041485
"DG_PUFA","DG_PUFA",0.0823101965128737,0.353958163556446,0.000351871667883985,-0.968115042182436,0.000932712279670497,-0.896531405281225,0.00331003679152921,-0.66705947741953,3.7551475092189e-06,1.02101764097598,0.00387887336231954,-0.301055564762906,0.079234009236845,-0.229471927861695,0.00014117662347537,1.32207320573888,0.467093456355322,0.0715836369012103,0.0013546363561547,-1.25048956883767,0.0120038198115626,-1.22825896009104,0.238967138009534,0.105492673969396,0.359981038106537,-0.307078439312995
"DG_PUFA_2","DG_PUFA_2",0.249828732587997,-0.29541430111665,0.158426337942099,-0.378635749805183,0.143420845532685,-0.371185345239025,0.011834662312105,-0.564845405308468,0.193977223315987,0.269431104191819,0.344308914488654,0.186209655503286,0.305833566729774,0.193660060069443,0.731666522614315,0.0832214486885332,0.974237338252445,0.00745040456615773,0.75191958069007,-0.0757710441223755,0.0154721472345351,-0.771029096545492,0.185775106852447,0.338475190017875,0.227820379847552,-0.337025025460917
"DG_PUFA_4","DG_PUFA_4",0.00929904955055283,1.5985118525621,0.541960374725281,-0.135381408506832,0.00535491394416907,-0.838437882198997,0.594778509672462,-0.111148362649904,0.000133922087526201,1.70966021521201,0.821923287600743,-0.0242330458569272,0.000130194798989984,-0.727289519549093,0.000601296825515647,1.73389326106894,0.000990191174936862,-0.703056473692166,1.7632875206452e-06,-2.4369497347611,0.00189009971038127,-1.14769880600456,0.982325739155219,0.0081736463088675,0.842713584677541,0.731565222027634
"DG_PUFA_6","DG_PUFA_6",0.174285960639464,0.23739981069807,0.000116113934697216,-1.11364249490069,0.00119046222199855,-0.931761022138785,0.0010900768674705,-0.761532002715417,1.64076813980368e-05,0.998931813413487,0.00413173336375148,-0.352110492185275,0.17494254675659,-0.170229019423369,0.000323205533448375,1.35104230559876,0.124331543802838,0.181881472761906,0.00193035181013932,-1.16916083283686,0.0136075644747752,-1.26514557102046,0.257255247859194,0.096188176371824,0.323410660614106,-0.43812134210131
"DG_SFA","DG_SFA",0.854071302102441,-0.0396045307953255,0.000404405586707427,1.37028280270981,0.000142876139218273,1.77667337218398,0.282101613392319,-0.298110554011869,0.389607347854529,0.258506023216544,0.0135260031021349,1.66839335672168,0.0105885471774918,2.07478392619585,0.0116263681326801,-1.40988733350514,0.171122477100983,0.406390569474168,0.00835787960493031,1.81627790297931,0.179394473873273,-1.17623588954348,0.0586196378549045,-1.09003576644179,0.963449689969112,0.665339135957242
"DG_VeryLongChainFA","DG_VeryLongChainFA",0.762776008795924,0.0510893043945132,0.00325576564992658,-0.570618480857561,0.04333102127346,-0.368265175773394,0.00275348095003648,-0.640047570851191,0.00312459161177197,0.691136875245704,0.267530511939512,0.0694290899936295,0.046193835108633,0.271782395077797,0.00336322599741277,0.621707785252074,0.109561785070041,0.202353305084167,0.0323957999349649,-0.419354480167907,0.0174456187721685,-1.10125775592721,0.377393570630949,-0.231421865002949,0.380282982619667,-0.259764588231524
"Hex1Cer_DLinked","Hex1Cer_DLinked",0.897604356936335,-0.028915441756402,0.0252100342539496,0.794767139975038,0.0142846143013718,1.05679094002209,0.655823353218237,-0.0811234404996174,0.763855315672586,0.0522079987432155,0.000824454623363185,0.875890580474656,0.000369178608737753,1.13791438052171,0.0195157967240726,-0.82368258173144,0.0847819515878383,0.26202380004705,0.011248857877663,1.08570638177849,0.138459602802991,-1.25406227689466,0.0239599563915534,-0.848773149400044,0.464049289608936,0.382925849109318
"Hex1Cer_LongChainFA","Hex1Cer_LongChainFA",0.962048553856577,0.0104400441531102,0.0352786173177141,0.676218370396842,0.0187177194893267,0.916266001760751,0.669157366682972,-0.0762749416883603,0.608863910668832,0.0867149858414703,0.00141414752827389,0.752493312085202,0.000614924324661805,0.992540943449111,0.0300147908690184,-0.665778326243732,0.0497715146325912,0.240047631363909,0.0154941004510271,0.905825957607641,0.13848272598125,-1.23646009272772,0.0244797674822204,-0.831107300728566,0.419604148963336,0.343329207274976
"Hex1Cer_MUFA","Hex1Cer_MUFA",0.471518764262927,-0.211201515905279,0.164065677680871,0.505922846421599,0.0781284233939961,0.791596597411969,0.491664353924159,-0.173483844591745,0.831099773085518,-0.0377176713135338,0.000209430742240135,0.679406691013344,3.95189745111529e-05,0.965080442003714,0.0336994610361355,-0.717124362326878,0.014396396060599,0.28567375099037,0.0171811683014601,1.00279811331725,0.150393476008995,-1.27556611317111,0.0371156940405537,-0.838786821675373,0.320844509849905,0.14736066525816
"Hex1Cer_PUFA","Hex1Cer_PUFA",0.758099630266629,-0.0712006181847536,0.0175502055448874,0.938233679028646,0.0107376357000759,1.22991037005098,0.641870906790385,-0.0864635087712275,0.932205656956508,0.0152628905864737,0.000554820536386725,1.02469718779987,0.000216342657894545,1.3163738788222,0.0128165956852059,-1.0094342972134,0.13419341950325,0.29167669102233,0.00828997694625243,1.30111098823573,0.138436784818336,-1.27222080603692,0.0234529928866236,-0.866996543445457,0.519980039193172,0.433516530421946
"Hex1Cer_PUFA_6","Hex1Cer_PUFA_6",0.758099630266629,-0.0712006181847536,0.0175502055448874,0.938233679028646,0.0107376357000759,1.22991037005098,0.641870906790385,-0.0864635087712275,0.932205656956508,0.0152628905864737,0.000554820536386725,1.02469718779987,0.000216342657894545,1.3163738788222,0.0128165956852059,-1.0094342972134,0.13419341950325,0.29167669102233,0.00828997694625243,1.30111098823573,0.138436784818336,-1.27222080603692,0.0234529928866236,-0.866996543445457,0.519980039193172,0.433516530421946
"Hex1Cer_SFA","Hex1Cer_SFA",0.606087631467706,0.102454449791313,0.0153809833475882,0.745092156789566,0.00860566484150754,0.965549058410239,0.81003564626169,-0.038364885931049,0.416784488883349,0.140819335722362,0.00259606861974768,0.783457042720615,0.00131039452834532,1.00391394434129,0.0290418644570465,-0.642637706998254,0.079662631221177,0.220456901620673,0.0150111170538947,0.863094608618926,0.132728155113787,-1.21801087166823,0.0232961888484183,-0.827542065540878,0.462138189221489,0.423773303290439
"Hex1Cer_VeryLongChainFA","Hex1Cer_VeryLongChainFA",0.758099630266629,-0.0712006181847536,0.0175502055448874,0.938233679028646,0.0107376357000759,1.22991037005098,0.641870906790385,-0.0864635087712275,0.932205656956508,0.0152628905864737,0.000554820536386725,1.02469718779987,0.000216342657894545,1.3163738788222,0.0128165956852059,-1.0094342972134,0.13419341950325,0.29167669102233,0.00828997694625243,1.30111098823573,0.138436784818336,-1.27222080603692,0.0234529928866236,-0.866996543445457,0.519980039193172,0.433516530421946
"LIPID_CLASS_Cer","LIPID_CLASS_Cer",0.984506095301542,0.00490022549322678,0.000515127134735822,1.55506738492821,0.000278144909663458,1.8909767799521,0.8650243681157,-0.0371329497113341,0.88685177065375,0.0420331752045608,0.00855563773169103,1.59220033463955,0.00727775178083483,1.92810972966343,0.0175376919919174,-1.55016715943499,0.32046449684375,0.335909395023884,0.014200190649601,1.88607655445887,0.500750587648929,-0.462931965498976,0.20605800432322,-0.923865322675208,0.817116754922055,0.779983805210718
"LIPID_CLASS_ChE","LIPID_CLASS_ChE",0.573933569989925,-0.419345590563484,0.124567838071311,-0.832973742827468,0.0662056295309413,-1.34660542535328,0.134809276845419,-1.02050887337601,0.313985750397945,0.601163282812528,0.630301849958907,0.187535130548544,0.502827267553968,-0.326096551977271,0.377860849053851,0.413628152263985,0.26326543853955,-0.513631682525814,0.139089660938221,-0.927259834789798,0.345596001589872,-2.62985453771779,0.205105985274883,1.05313729763562,0.394349206680536,-0.626159666695476
"LIPID_CLASS_DG","LIPID_CLASS_DG",0.85831682466677,-0.0381711820394515,0.000458623572012778,1.31524774160611,0.000154784459096243,1.70613004504143,0.271547422122213,-0.301811013604846,0.375353812302843,0.263639831565395,0.0135008328845391,1.61705875521095,0.0104791523465841,2.00794105864627,0.0122063745389945,-1.35341892364556,0.171414702834124,0.390882303435321,0.00859938724058121,1.74430122708088,0.176565608681993,-1.17515533347414,0.0588221876214808,-1.08212928654415,0.940349293388173,0.638538279783329
"LIPID_CLASS_Hex1Cer","LIPID_CLASS_Hex1Cer",0.897604356936335,-0.028915441756402,0.0252100342539496,0.794767139975038,0.0142846143013718,1.05679094002209,0.655823353218237,-0.0811234404996174,0.763855315672586,0.0522079987432155,0.000824454623363185,0.875890580474656,0.000369178608737753,1.13791438052171,0.0195157967240726,-0.82368258173144,0.0847819515878383,0.26202380004705,0.011248857877663,1.08570638177849,0.138459602802991,-1.25406227689466,0.0239599563915534,-0.848773149400044,0.464049289608936,0.382925849109318
"LIPID_CLASS_LPC","LIPID_CLASS_LPC",0.000228866981147121,0.675609062373032,0.000336582496759483,1.20184642747985,1.98850059006175e-05,1.30016918414139,0.119630690447325,-0.127124872593397,9.05453315215644e-05,0.802733934966429,0.000278903900422772,1.32897130007325,1.73939429185305e-05,1.42729405673479,0.00849399905537496,-0.526237365106816,0.318839244851158,0.0983227566615421,0.00218850261035815,0.624560121768358,0.037968459279325,-1.38737510870337,0.0139605310837813,-0.578202205032345,1.06585261751984,0.938727744926441
"LIPID_CLASS_LPE","LIPID_CLASS_LPE",0.0140675081711958,0.462371944599153,0.000631937839517146,0.581182870254847,3.12199087328141e-05,1.1204776190366,0.308654999471962,-0.345514741177275,0.0869720442884955,0.807886685776428,0.071451456129906,0.926697611432122,0.0338798082191734,1.46599236021387,0.411140822931374,-0.118810925655694,0.00294420794759181,0.539294748781749,0.0116141736578646,0.658105674437442,0.0158199658847906,-0.793284894618096,0.00261652791275741,-0.642286960317286,0.867292148604275,0.521777407427
"LIPID_CLASS_MG","LIPID_CLASS_MG",0.277698313277005,0.193793971364791,0.00174587630626185,1.46179148119465,0.00032351300858205,1.47546448619366,0.500355133298818,0.12243453811751,0.731854148209968,0.0713594332472802,0.00841222715563722,1.33935694307714,0.00365047304918083,1.35302994807615,0.00753747940752667,-1.26799750982986,0.954909560793498,0.0136730049990099,0.00301421750072137,1.28167051482887,0.204721108083231,-0.972676004977623,0.035268648126922,-1.0338190458377,0.70535818816221,0.82779272627972
"LIPID_CLASS_PC","LIPID_CLASS_PC",0.0759990690496946,0.161047328643325,0.256289429668815,-0.0504159653951951,0.0472595098757016,0.122828141919468,0.307395737800368,-0.0455078943380822,0.0374184974634016,0.206555222981407,0.777262420805817,-0.00490807105711283,0.00545830717623804,0.16833603625755,0.0378498875682214,0.21146329403852,0.00797024883887591,0.173244107314663,0.618836195359269,-0.0382191867238565,0.0328420867698899,-0.230244330795991,0.0432041859240301,-0.224335143762529,0.100823575962147,0.0553156816240649
"LIPID_CLASS_PE","LIPID_CLASS_PE",0.467939186753539,-0.088264398846317,0.000248466793254689,-0.505033354383896,0.00304254995589645,-0.270664304584455,0.480914046843422,-0.0429908169848419,0.687778201913713,-0.0452735818614751,0.000489676274276215,-0.462042537399054,0.00148300659369849,-0.227673487599613,0.0105212063687246,0.416768955537579,0.00468014947297528,0.234369049799441,0.138342266615994,-0.182399905738138,0.211790559293454,-0.160388646703683,0.0147029588054615,-0.369172150252353,-0.253658059630265,-0.296648876615106
"LIPID_CLASS_PG","LIPID_CLASS_PG",0.360020031614964,0.207137203278314,0.00034826542654502,1.77529198114036,1.46676366289044e-05,1.86520275995351,0.0889332265071007,0.189972732989809,0.939956423005479,0.0171644702885053,0.000742834217161698,1.58531924815055,5.41473121698688e-05,1.6752300269637,0.0176283006326646,-1.56815477786205,0.647159283418148,0.0899107788131424,0.0129749406898001,1.65806555667519,0.197561962639049,-1.10333000709929,0.00927190271042628,-1.08008719595794,0.801241859219528,0.991214592209337
"LIPID_CLASS_PI","LIPID_CLASS_PI",0.00252325159220997,0.302440751236185,0.564840492872894,0.0231429979500143,0.0119358499622737,0.159081474796661,0.0135493388457185,0.155658328511459,0.0501807361190119,0.146782422724725,0.00310061672334472,-0.132515330561445,0.914323953622679,0.0034231462852021,0.00578704443334894,0.27929775328617,0.00502869623072922,0.135938476846647,0.0532614405207712,-0.143359276439523,0.0759680833729298,-0.180550744249473,0.000135303398437967,-0.728307928828185,0.00713354608164,0.1627918745931
"LIPID_CLASS_PS","LIPID_CLASS_PS",0.0351034461441238,0.738284877311405,0.0464533227169253,0.675900544217282,0.0356114561232972,0.798218215099436,0.207307137448572,0.304859041895733,0.0192016924225397,0.433425835415672,0.0123690034974344,0.371041502321549,0.00135156465882116,0.493359173203703,0.690555967868578,0.0623843330941231,0.275662702891603,0.122317670882154,0.685314957933377,0.0599333377880312,0.0244837011195176,-0.416510476346977,0.322199327259378,-0.170077340084377,0.40223366886861,0.707092710764343
"LIPID_CLASS_SM","LIPID_CLASS_SM",2.62640623144266e-05,1.11160902131821,1.13198428208815e-05,1.31364702319564,1.37533558237141e-05,1.29496583244433,0.0111032252669862,0.234128304196092,0.000167051948445025,0.877480717122119,0.000125290470234527,1.07951871899955,0.000169692879706173,1.06083752824824,0.183502743254334,-0.20203800187743,0.819425486616663,-0.0186811907513121,0.209943123963671,0.183356811126118,0.0305785167850979,-0.648875328496838,0.00526052242041146,0.878236064193232,0.978499718060835,1.21262802225693
"LIPID_CLASS_TG","LIPID_CLASS_TG",0.765400564162444,0.106462408553032,0.00276518927554445,1.94501740472383,0.00235450290987195,1.74555095629035,0.305560259078038,-0.597202033153797,0.269561316561674,0.703664441706829,0.0564161511684102,2.54221943787763,0.0606042453722829,2.34275298944415,0.0477146092478757,-1.8385549961708,0.170527469031206,-0.199466448433484,0.0544622761544715,1.63908854773732,0.213121170154776,-2.17902877343659,0.0343448969199865,2.4870442551831,1.62294193979223,1.02573990663843
"LPC_LongChainFA","LPC_LongChainFA",0.000368861690316305,0.826959871261457,7.23976720454017e-05,1.24313146954422,1.35706223522275e-05,1.40857311516722,0.0353307785628279,-0.224059741918624,0.000112205858523343,1.05101961318008,0.000350328428196297,1.46719121146285,0.000150668712445575,1.63263285708585,0.0469743442650644,-0.416171598282766,0.10825043580926,0.165441645623002,0.0183386496329973,0.581613243905768,0.0204401499902389,-1.51263512755532,0.949750447212267,0.0136300399220054,1.25910541232146,1.03504567040284
"LPC_MUFA","LPC_MUFA",0.00366222783320883,0.87769266900617,0.000291295463071398,1.39847123026248,8.2802884977664e-06,1.40603246703896,0.572002945863047,0.0401561800782909,0.00444348506623309,0.837536488927879,0.000381174048895738,1.35831505018419,1.27098063128456e-05,1.36587628696067,0.101631816362508,-0.520778561256315,0.953196487829827,0.00756123677647167,0.0945360044918263,0.528339798032786,0.0331265239490818,-1.62468867377533,0.0632567710009148,0.654898899157284,1.09792576955603,1.13808194963433
"LPC_PUFA","LPC_PUFA",0.053571804388847,0.63302723606066,0.0213655628402445,0.828856034769567,0.00697140194998025,1.31626445543926,0.333174226287424,0.214140477420752,0.122926943451288,0.418886758639908,0.0180129325156469,0.614715557348816,0.00178684322738869,1.10212397801851,0.504464989295318,-0.195828798708907,0.0894761232730657,0.487408420669692,0.0850126643506859,0.6832372193786,0.0505201511954296,-1.71670800445188,0.00534051064993121,-0.91682107841584,0.516801157994362,0.730941635415113
"LPC_PUFA_2","LPC_PUFA_2",0.753794598635927,0.0916363124622037,3.24967136968789e-05,1.38081361997518,4.21620875356121e-05,1.65631463824242,0.302792142776172,0.120092415670478,0.927157151876398,-0.0284561032082741,0.00195724835938724,1.26072120430471,0.00163172822745341,1.53622222257194,0.0514256330915924,-1.28917730751298,0.0358083584544117,0.275501018267235,0.0389597578240973,1.56467832578021,0.0923460922284487,-1.44801398981029,0.929503529438233,-0.027067007856105,0.616132550548218,0.736224966218692
"LPC_PUFA_5","LPC_PUFA_5",0.0663608279036454,0.471015299935596,0.145935418694989,0.363001624113809,0.0108360694853549,0.93551476985138,0.322588629646465,0.212665575786077,0.156348631800098,0.258349724149519,0.463949813952082,0.150336048327732,0.0127503094314154,0.722849194065303,0.571394811308153,0.108013675821787,0.0609141503087598,0.572513145737571,0.0444820108947046,0.464499469915784,0.0441897203012377,-1.35107495313988,0.00160126267717919,-1.27791124515959,0.204342886238626,0.417008462024702
"LPC_PUFA_6","LPC_PUFA_6",0.0447616728290935,0.898653352617722,0.0707630939024235,0.729836669649821,0.022394181572629,1.25703797789306,0.396466951991257,0.248037258461435,0.0388990162842698,0.650616094156288,0.0728111663732809,0.481799411188386,0.0066626565814284,1.00900071943163,0.567422616794044,0.168816682967902,0.11102511131407,0.52720130824324,0.309551480653915,0.358384625275338,0.0395986194401718,-1.89572788636393,0.00639044804384654,-1.22506273321466,0.566207752672337,0.814245011133771
"LPC_SFA","LPC_SFA",0.00262472732962932,0.61443500826793,0.00050940724832882,1.16900270096204,6.24634743566015e-05,1.26395681333624,0.0492894206678563,-0.202046025227668,0.000425808229090397,0.816481033495598,0.00022906461084191,1.37104872618971,1.93533014069035e-05,1.46600283856391,0.0264409817111236,-0.554567692694109,0.451337501145165,0.0949541123742066,0.0129869149860342,0.649521805068315,0.0668449855466469,-1.28250213586248,0.00612293262121987,-0.776972735695647,1.09376487984265,0.891718854614985
"LPC_VeryLongChainFA","LPC_VeryLongChainFA",0.0317938137101711,0.486766565953356,0.000977653479034662,1.14579841740057,8.30492847411374e-05,1.16050970717513,0.784441008281272,0.021020906281724,0.0411455142506786,0.465745659671632,0.000138677936564999,1.12477751111884,6.21802243050636e-05,1.13948880089341,0.0505610891077914,-0.659031851447212,0.911997962982337,0.0147112897745651,0.0404792768616131,0.673743141221777,0.131657947549174,-1.23439075318358,0.00346898615656449,-1.0358030625248,0.795261585395236,0.816282491676963
"LPE_LongChainFA","LPE_LongChainFA",0.00232250383117773,1.1011369711789,0.00192828300125599,1.26227631973208,0.00118585637879523,1.36469735006041,0.660675347496249,0.132408377192958,0.0803157895155399,0.968728593985943,0.0630859219867951,1.12986794253912,0.0544899342742741,1.23228897286745,0.143830098207298,-0.16113934855318,0.403350603467739,0.102421030328325,0.0556433140563525,0.263560378881505,0.0166508777218835,-0.516796887453903,0.202453507295446,0.116172908348786,1.04929826826253,1.18170664545549
"LPE_MUFA","LPE_MUFA",8.09903678320488e-06,1.55317989840521,1.25198866491876e-05,1.86530671753463,3.27993404783821e-06,2.0125657786804,0.00433618570445476,0.405234439711487,0.00032019270069174,1.14794545869372,0.000380187319591646,1.46007227782314,0.0001713517333642,1.60733133896892,0.15704943681605,-0.312126819129418,0.444732049599814,0.147259061145774,0.0714255560936364,0.459385880275192,0.0106127294453719,-0.709374396701127,0.178589003659225,0.441726984891516,1.30400886825843,1.70924330796992
"LPE_PUFA","LPE_PUFA",0.192993773655111,0.213482811880117,0.00125470636728177,0.405221177904762,2.96909484995921e-05,1.05945192194761,0.174666822470491,-0.495716595578287,0.0945261201448356,0.709199407458404,0.0654958076278792,0.900937773483048,0.0264065251021538,1.55516851752589,0.287522691234481,-0.191738366024644,0.0013110022048827,0.654230744042846,0.0126080673781497,0.84596911006749,0.0180040843693863,-0.804374982408922,0.00168943852126306,-0.782814181468111,0.805068590470726,0.309351994892439
"LPE_PUFA_4","LPE_PUFA_4",0.0757706444574782,0.810562853375514,0.0167238664004656,1.97314039263354,0.0215131295775652,1.75080352771898,0.472985141290698,-0.318394794076244,0.083525609811554,1.12895764745176,0.0338675856242949,2.29153518670979,0.0388766252622804,2.06919832179523,0.041216598576246,-1.16257753925803,0.475435854543743,-0.22233686491456,0.0630293217646535,0.94024067434347,0.522391973502138,0.204213862205154,0.497459410002145,-0.205149095782677,1.71024641708077,1.39185162300453
"LPE_PUFA_5","LPE_PUFA_5",0.358460544952972,0.155673166479166,0.000236289078537787,0.945367089670299,2.32485637276682e-05,1.42206601822758,0.719532349042809,-0.0928719039353614,0.415391120972202,0.248545070414528,0.0444799307377138,1.03823899360566,0.0230211191928664,1.51493792216294,0.0224571322163352,-0.789693923191132,0.00959724206057821,0.476698928557281,0.00719090090885352,1.26639285174841,0.0713855015635599,-0.404096225505427,0.145413572045481,-0.28645480694731,0.643392032010094,0.550520128074732
"LPE_PUFA_6","LPE_PUFA_6",0.238883749644354,0.204992212334786,0.0177454191457231,0.253451127932065,6.49279565131441e-05,0.955674976241275,0.139900294363634,-0.58966016262029,0.0815298925687417,0.794652374955076,0.0776262438849448,0.843111290552355,0.0286696250808866,1.54533513886156,0.776907536493125,-0.0484589155972796,0.0009917697696911,0.70222384830921,0.0218794654213597,0.750682763906489,0.0175198751924228,-0.914590020664303,0.00105742646217325,-0.902811925498719,0.818881832753716,0.229221670133425
"LPE_SFA","LPE_SFA",0.00559276650919489,1.2604953739837,0.00668295371038955,0.987446684636855,0.00463987884470586,1.15819044768553,0.94577713414573,0.0263365984517323,0.0948081206824698,1.23415877553197,0.133525933879971,0.961110086185123,0.106166780225091,1.1318538492338,0.0742940077250874,0.273048689346848,0.220204711847366,0.170743763048674,0.37131874388458,-0.102304926298174,0.0125615249477069,-0.740799533320767,0.0173625309906764,0.391997726957031,1.09763443085855,1.12397102931028
"LPE_VeryLongChainFA","LPE_VeryLongChainFA",0.282047643138505,0.178463881513198,0.0129280431691526,0.283958305572629,7.31145816592321e-05,0.989974355409769,0.15231959371285,-0.573794132052943,0.0952171774305066,0.752258013566141,0.079467456620441,0.857752437625572,0.0299011712860051,1.56376848746271,0.534253062237036,-0.105494424059431,0.000945360706521506,0.70601604983714,0.0152276237632856,0.811510473896572,0.015367172103436,-0.87180352502073,0.0015726977827719,-0.82005391870445,0.805005225595856,0.231211093542914
"MG_LongChainFA","MG_LongChainFA",0.277698313277005,0.193793971364791,0.00174587630626185,1.46179148119465,0.00032351300858205,1.47546448619366,0.500355133298818,0.12243453811751,0.731854148209968,0.0713594332472802,0.00841222715563722,1.33935694307714,0.00365047304918083,1.35302994807615,0.00753747940752667,-1.26799750982986,0.954909560793498,0.0136730049990099,0.00301421750072137,1.28167051482887,0.204721108083231,-0.972676004977623,0.035268648126922,-1.0338190458377,0.70535818816221,0.82779272627972
"MG_MUFA","MG_MUFA",0.0900462233902376,0.327085079720725,0.00187502473103515,1.59822812331797,0.000492323761282499,1.5024145077327,0.10502727494452,0.274429356546998,0.751032209653855,0.0526557231737272,0.00162370188613338,1.32379876677097,0.00083303203830691,1.2279851511857,0.00559749747140424,-1.27114304359724,0.713159497774553,-0.0958136155852669,0.00298743574540407,1.17532942801198,0.151275949832147,-1.2012182780394,0.0381190895686617,-1.072338327865,0.688227244972349,0.962656601519348
"MG_PUFA","MG_PUFA",0.192907860493895,0.261219251521672,0.00398781694432992,1.43800763959622,0.00137964414547463,1.48662033835934,0.309556390772064,0.22059537279694,0.850889173743436,0.0406238787247322,0.0128551511837178,1.21741226679928,0.00713074435778183,1.2660249655624,0.00655095512827528,-1.17678838807455,0.829939094808291,0.0486126987631147,0.00270580234198741,1.22540108683766,0.22292878463547,-0.833209209867863,0.0462569709727247,-1.07757984579257,0.629018072762006,0.849613445558946
"MG_PUFA_2","MG_PUFA_2",0.192907860493895,0.261219251521672,0.00398781694432992,1.43800763959622,0.00137964414547463,1.48662033835934,0.309556390772064,0.22059537279694,0.850889173743436,0.0406238787247322,0.0128551511837178,1.21741226679928,0.00713074435778183,1.2660249655624,0.00655095512827528,-1.17678838807455,0.829939094808291,0.0486126987631147,0.00270580234198741,1.22540108683766,0.22292878463547,-0.833209209867863,0.0462569709727247,-1.07757984579257,0.629018072762006,0.849613445558946
"MG_SFA","MG_SFA",0.407655669519573,0.14219993054312,0.000954351408932034,1.46337925679819,0.000202714771272711,1.4661148617891,0.757875549421518,0.052382277108803,0.668782649381374,0.0898176534343169,0.00733189713584124,1.41099697968939,0.00292573402613765,1.4137325846803,0.00800335433251317,-1.32117932625507,0.99137472597835,0.00273560499090592,0.00326997734484974,1.32391493124598,0.203314418742131,-1.02421343909326,0.029384055977722,-1.00535974283156,0.750407316561853,0.802789593670655
"PC_EtherLinked","PC_EtherLinked",0.00123786651832659,0.638863318385012,0.101905239963657,-0.274664564112006,4.54219093398123e-05,-0.43578317328847,0.00895971347163187,-0.167641027407807,0.000414864017171386,0.806504345792818,0.379982213785926,-0.107023536704199,0.000410011422980583,-0.268142145880664,0.00578526203649301,0.913527882497018,0.198051186758518,-0.161118609176464,5.98963916413895e-05,-1.07464649167348,0.0120240810442383,-0.508825860257515,0.000610082122176953,-0.865211114150073,0.34974040454431,0.182099377136503
"PC_LongChainFA","PC_LongChainFA",0.0776162954887894,0.161355388980457,0.437585379142438,-0.0304213008104064,0.0260582019083205,0.145161378180818,0.170109434694258,-0.0602330317541369,0.0341240798321042,0.221588420734594,0.0477739655734037,0.0298117309437304,0.00569170497543645,0.205394409934955,0.0525441251459337,0.191776689790864,0.0124156723472605,0.175582678991224,0.837653973167741,-0.0161940107996395,0.0296701567850669,-0.250645485140413,0.254069012002215,-0.11461504448913,0.125700075839162,0.0654670440850253
"PC_MediumChainFA","PC_MediumChainFA",0.0246342295233562,-0.205970986764787,0.000755516724075459,-0.492358024576184,0.00439595155846545,-0.297681883192177,0.670182569391589,0.0745765717550158,0.142767222266364,-0.280547558519802,0.0164084416725466,-0.566934596331199,0.0734934131388651,-0.372258454947193,0.00586012707163555,0.286387037811397,0.0358103097473591,0.194676141384007,0.144598305594869,-0.0917108964273903,0.00156950558875957,0.458064166201111,2.66029073589084e-06,-1.09321380547673,-0.4237410774255,-0.349164505670486
"PC_MUFA","PC_MUFA",0.0188017360885089,0.226401283101661,0.300810849623831,0.0441224292833052,0.00452214330433448,0.227825315709276,0.406448154629707,-0.0335921508305103,0.0166577206946792,0.259993433932171,0.00116071188556892,0.0777145801138157,0.00331334419220764,0.261417466539787,0.0485927299357911,0.182278853818356,0.0133294443666346,0.183702886425971,0.984926319153284,0.00142403260761537,0.016971751903746,-0.263706464232083,0.641216630106004,-0.0411371704587028,0.168854007022993,0.135261856192483
"PC_PUFA","PC_PUFA",0.0856742137559329,0.14686783851214,0.00521756298825315,-0.23904183473389,0.259607022385403,-0.0639066823417163,0.713517042008374,-0.0217839759099883,0.0438505867246785,0.168651814422128,0.00296013240435086,-0.217257858823901,0.344627242231885,-0.0421227064317281,0.00153587191876554,0.385909673246029,0.00414527955584061,0.175135152392173,0.019429164234511,-0.210774520853856,0.0366817288589601,-0.175534626790612,0.00107432255577639,-0.678505612921901,-0.0243030222008865,-0.046086998110875
"PC_PUFA_2","PC_PUFA_2",0.201781132695081,0.0719480955855517,0.0794809019432131,0.183178476159492,0.0645522159852985,0.120996927607625,0.222027706846082,-0.0651529191249945,0.00211096400330345,0.137101014710546,0.0453919881121739,0.248331395284486,0.000701014431332491,0.18614984673262,0.222027147857922,-0.11123038057394,0.450729248645212,-0.0621815485518668,0.153797549727697,0.0490488320220738,0.00123769292514015,-0.255566120723643,0.000319654539220816,0.296844504404928,0.192716204997516,0.127563285872522
"PC_PUFA_3","PC_PUFA_3",0.00255148473584676,-0.649569610386191,0.0906316456140192,-0.583211998142669,0.00378724847494381,-0.378377622707765,0.593054944199033,-0.0544079613425871,0.00369500847158289,-0.595161649043604,0.106859460165754,-0.528804036800082,0.00460025444295362,-0.323969661365178,0.73759077311432,-0.0663576122435221,0.367051606974106,0.204834375434905,0.0451686148949065,0.271191987678426,0.00941736825288962,0.443417012538069,0.64652192737748,-0.0447083496241166,-0.561982842921843,-0.61639080426443
"PC_PUFA_4","PC_PUFA_4",0.00651384513084149,0.174289945276169,0.479749141771448,-0.0334667633325503,0.951632676831298,-0.00199412045962727,0.455129078023527,0.0672736903741384,0.290240224395404,0.107016254902031,0.2922920550556,-0.100740453706689,0.437906081492653,-0.0692678108337655,0.0106581920587516,0.207756708608719,0.484256400130798,0.0314726428729231,0.00574212450510434,-0.176284065735796,0.0256805748871268,0.141467312030076,1.78382756593605e-05,-0.911767600306178,0.003137900597671,0.0704115909718094
"PC_PUFA_5","PC_PUFA_5",0.213221291729595,0.136325965712432,0.00576933589577656,-0.351135925944654,0.331018066446515,-0.0789780338593348,0.99802974228065,0.000213058403684272,0.179207044930916,0.136112907308748,0.00442410939711288,-0.351348984348338,0.254023903653094,-0.0791910922630189,0.00184748736709599,0.487461891657086,0.0115144643819837,0.272157892085319,0.043630695441058,-0.215303999571767,0.106598305066399,-0.15773859790743,0.00137681598695334,-0.908949925986357,-0.107618038519795,-0.107404980116111
"PC_PUFA_6","PC_PUFA_6",0.0956931821761402,0.190781174817342,0.00682536014762845,-0.282759206176652,0.167782904360414,-0.0985947145596759,0.285507473118261,-0.0718608993405729,0.0338711955748338,0.262642074157915,0.00319610265141933,-0.210898306836079,0.246195259541043,-0.0267338152191031,0.00338255865530735,0.473540380993995,0.00313072248764326,0.184164491616976,0.024180347097586,-0.289375889377018,0.0132294675655259,-0.332845643115853,0.00685679768847679,-0.488428251606726,0.025871883660918,-0.045989015679655
"PC_SFA","PC_SFA",0.366704525198084,0.082340437701265,0.479075483105627,-0.0280490118122805,0.0234364301095272,0.147194944500506,0.134160965903884,-0.0692814765855994,0.12301063758378,0.151621914286865,0.0544797406119083,0.0412324647733191,0.00238306644782401,0.216476421086106,0.22644754221029,0.110389449513546,0.0101041784289988,0.175243956312787,0.481983670922418,0.0648545067992413,0.0744917123980606,-0.217872712991773,0.479379936608189,-0.0727202456528009,0.0964271895300921,0.0271457129444923
"PC_ShortChainFA","PC_ShortChainFA",0.435541410518602,0.221076760765293,0.080750811218005,-1.03993535608194,0.010338711195248,-0.791368052215857,0.00398674468223882,-1.12921479756153,0.002444420553912,1.35029155832682,0.763778309570367,0.0892794414795858,0.122729165903426,0.337846745345671,0.0621425374958379,1.26101211684724,0.46032120676579,0.248567303866085,0.00472010067616537,-1.01244481298115,0.0058734425063852,-0.901394345480123,0.558929146428071,-0.246430559821896,0.719785499903203,-0.409429297658323
"PC_VeryLongChainFA","PC_VeryLongChainFA",0.0353841792032169,0.215802038500754,0.135669861943007,-0.100234647243319,0.374625404170781,0.05600179455484,0.652671063476375,0.030175685999774,0.0433940216669269,0.18562635250098,0.0268408862983226,-0.130410333243093,0.567184158844574,0.025826108555066,0.00682157949077385,0.316036685744073,0.00303074351964476,0.156236441798159,0.0664650735151353,-0.159800243945914,0.0341671861047439,-0.199054676117017,0.000830795427104926,-0.614287586441182,0.0276080096289435,0.0577836956287175
"PE_EtherLinked","PE_EtherLinked",0.000533030451842195,0.669977365946691,0.718774757663172,0.029119789721556,0.0277961507257465,0.224838654481245,0.228856761705675,-0.109744993552627,0.000316898597167903,0.779722359499318,0.147238647247477,0.138864783274183,0.0135614369338774,0.334583648033872,0.00133805348823822,0.640857576225135,0.0663782316354566,0.195718864759689,0.00883414823953116,-0.445138711465446,0.0374981247143001,-0.298677491849158,7.22462029774858e-05,-1.02875786647752,0.459293571386751,0.349548577834124
"PE_LongChainFA","PE_LongChainFA",0.859977313169257,-0.0190348544179171,0.00108125767878864,-0.359243930938391,0.0276737276631662,-0.167100073040148,0.778624890847131,0.0170649283070161,0.725850728821941,-0.0360997827249329,0.000402488825716708,-0.376308859245407,0.00508227594180997,-0.184165001347164,0.0175922177988314,0.340209076520474,0.00535528129025915,0.192143857898242,0.180450235838384,-0.148065218622231,0.256287872177521,-0.1330754997138,0.0174704039690618,-0.328198853493927,-0.20620432098517,-0.189139392678154
"PE_MediumChainFA","PE_MediumChainFA",2.50757723435693e-07,1.89354243153476,1.86451288007045e-06,1.91269389675011,1.14542273017216e-05,1.56910120294636,0.0150905050389251,0.413622828096777,0.00203946802013354,1.47991960343799,0.00164760298216342,1.49907106865333,0.00150725383933789,1.15547837484959,0.89199875080506,-0.0191514652153442,0.121475100045448,-0.343592693803742,0.127041044890172,-0.324441228588398,0.25466686340359,-0.302862369119317,0.19246577368059,0.249151734881108,1.48949533604566,1.90311816414243
"PE_MUFA","PE_MUFA",0.00476948669633135,-0.624714110025874,1.9692098486975e-06,-0.911804876568661,9.49869761665125e-05,-0.61637521390478,0.159423205270478,-0.073596588323377,0.00608416738762895,-0.551117521702497,2.2139610572364e-06,-0.838208288245284,0.000110367395622397,-0.542778625581403,0.0201070111727591,0.287090766542786,0.000757677642208818,0.295429662663881,0.924624777556727,0.00833889612109437,0.443369321628594,-0.073098194912068,0.00429456348751978,0.688225956566668,-0.69466290497389,-0.768259493297268
"PE_PUFA","PE_PUFA",0.343102466058053,-0.116141907888195,0.00018641453588528,-0.564510478825788,0.000828001813895965,-0.341023814284905,0.346479387156784,-0.058371171679719,0.607336197606451,-0.0577707362084756,0.000398192725629441,-0.506139307146069,0.000507350121617648,-0.282652642605186,0.00689448195256767,0.448368570937593,0.00848522375048821,0.223486664540883,0.0800412246567666,-0.22488190639671,0.239558203577493,-0.145974693861719,0.00724574693592776,-0.425272221940244,-0.281955021677272,-0.340326193356991
"PE_PUFA_2","PE_PUFA_2",0.358794255562331,0.0543121777967366,0.000682481174084429,-0.404916823819353,0.00121711598756266,-0.346649059235414,0.0424590166675145,-0.272376677536555,0.029832159418979,0.326688855333291,0.17998098353635,-0.132540146282798,0.407661169616448,-0.0742723816988596,0.00100664704245044,0.459229001616089,0.202204377397689,0.0582677645839386,1.07545674843017e-05,-0.400961237032151,0.00493029821071685,-0.294986276296011,0.000174860476188705,0.486678052338704,0.0970743545252465,-0.175302323011308
"PE_PUFA_3","PE_PUFA_3",0.0266510468854282,-1.40729786433242,0.128991988783537,-0.959072481118898,0.00540037930107337,-0.894057696994861,0.955135594020393,0.0132271998225051,0.0314929101778388,-1.42052506415493,0.138677834302507,-0.972299680941403,0.000126882757264647,-0.907284896817366,0.285668462233965,-0.448225383213524,0.851039774249059,0.0650147841240369,0.16612536410954,0.513240167337561,0.0502332809505569,0.984785922726503,0.863666722688134,0.0481519791746282,-1.19641237254817,-1.18318517272566
"PE_PUFA_4","PE_PUFA_4",0.000428853731413668,0.449325217835796,0.000539574939780699,0.493147241794244,0.0261648868244413,0.136530347324992,3.98932582172933e-05,0.530626301116165,0.294248420932599,-0.0813010832803694,0.413449538519767,-0.0374790593219217,0.000344156942140412,-0.394095953791173,0.503949648632476,-0.0438220239584477,0.00220056917740074,-0.356616894469251,0.00327240313180485,-0.312794870510804,0.0111208603572215,0.339611370794191,0.000340252103690449,-0.830385756606029,-0.0593900713011456,0.47123622981502
"PE_PUFA_5","PE_PUFA_5",0.119271698246535,0.233547173611051,0.0313120374846209,0.303950059327618,0.0451486958096894,0.267067686462574,0.0364696970396611,0.315374217135158,0.577579269390057,-0.0818270435241066,0.912324737317572,-0.0114241578075397,0.633562372425496,-0.0483065306725845,0.574838232806184,-0.070402885716567,0.508319766078093,-0.0368823728650448,0.77953963969403,0.033520512851522,0.602428754029864,0.0653616314771813,0.0526902482792936,-0.288792128974486,-0.0466256006658231,0.268748616469335
"PE_PUFA_6","PE_PUFA_6",0.18690847993919,-0.218246700874489,0.000185937686890982,-0.784295842928698,0.000111453192015967,-0.487902766462421,0.0316076311328702,-0.159940900811929,0.669320091357823,-0.0583058000625606,0.00074270443168421,-0.62435494211677,0.000168436921584504,-0.327961865650493,0.0055335651648734,0.566049142054209,0.00721307142759381,0.296393076466278,0.0844295780823213,-0.269656065587932,0.168957546774096,-0.212670419353715,0.0088717144250702,-0.486555133842106,-0.341330371089665,-0.501271271901593
"PE_SFA","PE_SFA",0.274683077893401,-0.169802301063233,0.000555387888822182,-0.516643010576369,0.00399311201241539,-0.292586793387392,0.636645172356896,0.0282171390944401,0.213098965388834,-0.198019440157674,0.00455136487782704,-0.544860149670809,0.00371239419667882,-0.320803932481832,0.0374944987390727,0.346840709513135,0.0116339875998012,0.224056217188976,0.366568878571861,-0.122784492324159,0.208512688122557,-0.195826200089483,0.0420028402063917,-0.331179992085068,-0.371439794914242,-0.343222655819801
"PE_VeryLongChainFA","PE_VeryLongChainFA",0.196491349726519,-0.198160450923054,0.00018627251255239,-0.720450710170726,0.000220976614355866,-0.429400790289253,0.054932621281562,-0.138143400318894,0.642364935170509,-0.0600170506041597,0.000611522083584318,-0.582307309851832,0.000460124255181548,-0.291257389970359,0.00618078564586705,0.522290259247672,0.00631385894917279,0.291049919881473,0.106227791312292,-0.231240339366199,0.17162723565506,-0.199455067384625,0.0125348674014721,-0.427421608291814,-0.321162180227996,-0.45930558054689
"PG_LongChainFA","PG_LongChainFA",0.34956596474688,0.212046468284438,0.000322705999428436,1.81558107060426,1.29140040685e-05,1.89878272348083,0.0811695556012169,0.197762930551232,0.950220501957066,0.0142835377332063,0.000785646075203825,1.61781814005303,6.00467176950624e-05,1.7010197929296,0.0171013350331077,-1.60353460231982,0.680717631637207,0.0832016528765754,0.0126079979982995,1.6867362551964,0.199384826187219,-1.10962742195611,0.0101058575322277,-1.07709838826242,0.816050838893118,1.01381376944435
"PG_MUFA","PG_MUFA",0.0183553960698107,0.377844579090286,0.288135050571728,-0.132867126469044,0.0154358957702661,-0.31615934282505,0.0128434948539072,-0.317385970689611,0.000529035342550645,0.695230549779897,0.148365710494015,0.184518844220567,0.988558085996165,0.00122662786456076,0.017642581838633,0.510711705559329,0.153628975299206,-0.183292216356007,0.000608872175799529,-0.694003921915336,0.0134123024956532,-0.810591882109311,0.0170700813122036,-0.357888305897129,0.439874697000232,0.122488726310621
"PG_PUFA","PG_PUFA",0.466897804984562,-0.194599769730069,0.666134623474802,-0.0739606116384592,0.326924642093002,0.198592567108036,0.0644775491670272,-0.403640093266781,0.351363305994686,0.209040323536712,0.0546789454375007,0.329679481628322,0.0140244069669905,0.602232660374817,0.581427250062646,-0.120639158091609,0.000254177866990551,0.272553178746495,0.163481638765886,0.393192336838104,0.0275237634333675,-0.563957503112652,0.000356280889227987,-1.27866789735275,0.269359902582517,-0.134280190684264
"PG_PUFA_5","PG_PUFA_5",0.859920822926033,0.0685483575075411,0.122033587983078,-0.556522094872636,0.184119007602037,-0.466528853961871,0.057485059142236,-0.898576076093162,0.0434469177196845,0.967124433600704,0.266308612226038,0.342053981220526,0.191487933199903,0.432047222131292,0.0115487185491759,0.625070452380178,0.320047092873315,0.0899932409107658,0.0243140668949155,-0.535077211469412,0.926647256227024,-0.0429822235998424,0.000184235007529046,-1.21143775248545,0.654589207410615,-0.243986868682547
"PG_PUFA_6","PG_PUFA_6",0.431374154194548,-0.20936169199165,0.811918721091932,-0.0381710751367613,0.217803418299276,0.251679695287603,0.068805843432154,-0.366752137019115,0.473184923196431,0.157390445027465,0.0409538102637506,0.328581061882354,0.00886477614842181,0.618431832306719,0.457039317281736,-0.171190616854889,0.000103863358901674,0.289850770424365,0.128144527452306,0.461041387279253,0.0246033934917591,-0.586034779551366,0.000393993426324468,-1.28200596162369,0.242985753454909,-0.123766383564206
"PG_SFA","PG_SFA",0.355325487334336,0.210471325402961,0.00033842899769699,1.85770186526836,1.29354957797515e-05,1.95265514531979,0.0777039331346123,0.204006143757855,0.97764878096761,0.0064651816451064,0.000831418871792681,1.6536957215105,6.28447871395785e-05,1.74864900156193,0.0166986100487097,-1.6472305398654,0.648753284936131,0.0949532800514296,0.0122165987602248,1.74218381991683,0.200824186768656,-1.11204530844739,0.0101653231124039,-1.08216407442604,0.830080451577803,1.03408659533566
"PG_VeryLongChainFA","PG_VeryLongChainFA",0.466897804984562,-0.194599769730069,0.666134623474802,-0.0739606116384592,0.326924642093002,0.198592567108036,0.0644775491670272,-0.403640093266781,0.351363305994686,0.209040323536712,0.0546789454375007,0.329679481628322,0.0140244069669905,0.602232660374817,0.581427250062646,-0.120639158091609,0.000254177866990551,0.272553178746495,0.163481638765886,0.393192336838104,0.0275237634333675,-0.563957503112652,0.000356280889227987,-1.27866789735275,0.269359902582517,-0.134280190684264
"PI_EtherLinked","PI_EtherLinked",0.00135117200979786,-0.897803411829046,0.0137744855279776,-0.724691865312062,0.0904651931738066,-0.29505999433799,0.0652898911065608,-0.339417436044939,0.0133053838640504,-0.558385975784108,0.088426089918973,-0.385274429267123,0.448762730680512,0.0443574417069487,0.275771690291335,-0.173111546516985,0.0636758969505365,0.429631870974071,0.00772321201502644,0.602743417491056,0.968874121151121,-0.00645383685828408,0.0177265587041575,-0.341614963810973,-0.471830202525615,-0.811247638570554
"PI_LongChainFA","PI_LongChainFA",3.67625121193256e-05,0.593325702065972,0.00124323013419931,0.303553614562277,0.000406858462640447,0.376280799821637,0.00463832762849021,0.219404307296682,0.000317954082679482,0.373921394769291,0.0354299324807037,0.0841493072655952,0.00229337403426065,0.156876492524956,0.00118965058338865,0.289772087503695,0.0822703160624326,0.0727271852593606,0.00368411427118457,-0.217044902244335,0.0368372517285449,-0.208353344883096,0.00119834952035868,-0.599566751411231,0.229035351017443,0.448439658314124
"PI_MUFA","PI_MUFA",0.00272810328519796,-0.734127859292692,0.000897958395065583,-1.12169734308927,8.67826932247929e-05,-1.04231263671411,0.0601150576267242,-0.334681114014406,0.0249133514650519,-0.399446745278287,0.00196266200048213,-0.787016229074864,0.000520736978079365,-0.707631522699707,0.0190272291146648,0.387569483796578,0.431194167541494,0.0793847063751568,0.0263122241918239,-0.308184777421421,0.442176781897219,-0.0939353443846554,0.000325870769092095,-0.794012243562936,-0.593231487176575,-0.927912601190981
"PI_PUFA","PI_PUFA",0.00291793349638915,0.296469824284698,0.441786200121042,0.0311078402350277,0.00864737665528538,0.170482081227476,0.0111384681941561,0.162541202989827,0.0676989531790021,0.133928621294871,0.00304467377606556,-0.131433362754799,0.802194522465131,0.00794087823764985,0.00744776745092283,0.26536198404967,0.00454052530591611,0.139374240992449,0.0803376366764239,-0.125987743057221,0.0890923598487094,-0.16974476400391,0.000128127374531545,-0.742915189606705,0.00124762927003599,0.163788832259863
"PI_PUFA_2","PI_PUFA_2",2.32623833821797e-05,-3.06637618102625,7.59714561899623e-07,-2.74482231586742,0.000117331486868793,-2.34311611745018,0.120127889360476,0.552029342386929,0.000147185731413988,-3.61840552341318,8.2263009279841e-05,-3.29685165825435,0.000540693105350583,-2.89514545983711,0.0107180023111843,-0.321553865158827,0.00727941762060021,0.401706198417246,0.00030027494727196,0.723260063576074,0.000743958465748534,0.883949027027879,0.00256868860898401,-0.878418591372002,-3.45762859083376,-2.90559924844684
"PI_PUFA_3","PI_PUFA_3",0.0070281435298387,-6.22769005422304,0.0676777463764126,-5.32252296472264,0.000140070291644903,-4.89546225949664,0.300809107577978,0.723365631271238,0.00691754308093337,-6.95105568549428,0.0664379433737014,-6.04588859599388,0.000118374633041849,-5.61882789076788,0.0750826483932348,-0.905167089500399,0.439630679574397,0.427060705225996,0.0264210833660428,1.3322277947264,0.00635063757394372,2.26490659277494,0.17657823888251,-0.409938928161008,-6.49847214074408,-5.77510650947284
"PI_PUFA_4","PI_PUFA_4",0.000249886483881279,1.3284436094742,0.000323279371584156,0.988310809801258,0.000533422017210032,0.828564609539878,0.00554921024865126,0.367338646717121,1.78076918397964e-06,0.961104962757079,5.60091076347737e-05,0.620972163084137,4.12657047951931e-05,0.461225962822757,0.00407700142588341,0.340132799672943,0.0335201959420714,-0.15974620026138,0.000108771220916545,-0.499878999934322,0.0126165212977408,-0.28926095700117,0.0383479144758332,-0.389501190819123,0.791038562920608,1.15837720963773
"PI_PUFA_5","PI_PUFA_5",0.561090173451992,0.0817115207142314,0.312513644575962,0.108521868305918,0.0175178599916866,0.402118004561478,0.792208356244409,-0.0275352950233484,0.386396038936356,0.10924681573758,0.0984743616792948,0.136057163329267,0.00194400718481773,0.429653299584827,0.821396593660115,-0.0268103475916872,0.00438379076673256,0.29359613625556,0.0631824752978999,0.320406483847247,0.0443062276696783,-0.32223917885546,0.570994437096139,0.0686005513293725,0.122651989533424,0.0951166945100747
"PI_PUFA_6","PI_PUFA_6",0.000641470028571291,-1.04691331492318,0.000119760426113046,-1.36832398040268,0.000215422803768015,-1.04726970101528,0.129412228992514,-0.242311443148521,0.00326337529399628,-0.804601871774661,1.6555499552026e-06,-1.12601253725416,8.53733034998258e-06,-0.804958257866764,0.0217166563303333,0.321410665479501,0.000291956583442177,0.321054279387398,0.997104904258244,-0.000356386092103256,0.777355209415416,-0.0337074863709445,6.84767682837954e-06,-1.12248725231834,-0.965307204514411,-1.20761864766293
"PI_SFA","PI_SFA",0.000910500560233679,0.386291173789154,0.105203300447786,0.0788398836703465,0.00456112810914355,0.204957032390548,0.00921553465058855,0.17510876473499,0.0192771266601755,0.211182409054164,0.0161903572223139,-0.0962688810646439,0.369738268237415,0.0298482676555576,0.00478824156961802,0.307451290118808,0.00856933880618277,0.126117148720201,0.0306747237009433,-0.181334141398606,0.0591209210032281,-0.204698325866299,0.000293499805171216,-0.725603439027659,0.05745676399476,0.23256552872975
"PI_VeryLongChainFA","PI_VeryLongChainFA",0.00204116533635625,-0.727219747981335,0.000775281395235191,-0.9823073785104,0.00257737380331059,-0.686688535698267,0.260882142722702,-0.16227704641605,0.00602109240526234,-0.564942701565285,1.92225573287589e-05,-0.82003033209435,9.79425491771746e-05,-0.524411489282217,0.0385709785778944,0.255087630529065,0.000298659870692115,0.295618842812133,0.670273642250091,0.040531212283068,0.341441576957055,-0.11497182623774,1.50056823405046e-05,-0.985280123441148,-0.692486516829818,-0.854763563245867
"PS_EtherLinked","PS_EtherLinked",0.0188781813301986,1.11081136660941,0.03944206478711,0.805721870169915,0.0237933075513006,1.09651093879204,0.288076784001724,0.283395134193084,0.00843382093741556,0.827416232416327,0.0389821991329321,0.522326735976831,0.0105939019966032,0.81311580459896,0.217662204109785,0.305089496439496,0.181161697328632,0.29078906862213,0.943930924820638,-0.0143004278173668,0.0187929176448907,-0.57067658121478,0.000933268784085823,-1.45994645347509,0.674871484196579,0.958266618389662
"PS_LongChainFA","PS_LongChainFA",0.0442374617900288,0.734568221611488,0.0509332897646519,0.709816761116117,0.0367594964208501,0.865525172611863,0.219358396708413,0.317998057361671,0.0276103307015075,0.416570164249817,0.013309325876095,0.391818703754446,0.000724187656920544,0.547527115250191,0.882197354769287,0.0247514604953709,0.223295915393444,0.155708411495745,0.431122591327843,0.130956951000374,0.0349619479231231,-0.396836222903016,0.43292507810731,-0.14039678537043,0.404194434002132,0.722192491363802
"PS_MediumChainFA","PS_MediumChainFA",0.187685663979802,0.81896571810863,0.210017245208952,0.749076545996295,0.101356623204725,1.29879979930163,0.565425663487557,0.264367648733893,0.0367704154182018,0.554598069374736,0.0332274006611056,0.484708897262402,0.00461861054816396,1.03443215056774,0.741296860285941,0.0698891721123347,0.0122675512366027,0.549723253305336,0.107456039041299,0.479834081193001,0.122347066562626,-0.361091642480072,0.453555636170345,-0.269157304277406,0.519653483318569,0.784021132052462
"PS_MUFA","PS_MUFA",0.0195409281875736,0.603317352964758,0.0298351385682709,0.5763011354564,0.0264756784535747,0.579437731698875,0.108193820132171,0.303069960304921,0.0239288281078655,0.300247392659837,0.0106334337126053,0.273231175151479,0.00661825077025161,0.276367771393954,0.779848003820434,0.0270162175083586,0.95098733779487,0.00313659624247553,0.819356574031868,-0.023879621265883,0.0110864334468812,-0.364623769297043,0.124443490035825,0.206411890788085,0.286739283905658,0.589809244210579
"PS_PUFA","PS_PUFA",0.0638621329115316,0.323125758600965,0.161751928952287,0.184335113980754,0.04712884037478,0.31879324027564,0.586268430173969,0.0613728836263098,0.0766225953786009,0.261752874974654,0.148167877214607,0.122962230354444,0.00897275899995318,0.257420356649331,0.305576348424953,0.138790644620211,0.117582973233608,0.134458126294887,0.972250650202605,-0.00433251832532399,0.0218339297087216,-0.40730442769616,0.0306732628537301,-0.380513587710272,0.192357552664549,0.25373043629086
"PS_PUFA_2","PS_PUFA_2",0.362528040154909,0.230767304895302,0.0482907903306589,0.597302878516511,0.0249369131533521,0.768306177313694,0.132050073342266,0.373183391324231,0.519294968548083,-0.142416086428929,0.170610390578174,0.22411948719228,0.0535238608218621,0.395122785989463,0.157400829603393,-0.36653557362121,0.338025727645498,0.171003298797183,0.0737933636856769,0.537538872418393,0.0793738026118651,-0.420583675174949,0.108769039974495,-0.394384380155965,0.0408517003816755,0.414035091705906
"PS_PUFA_3","PS_PUFA_3",0.0290142603940835,0.442720863307022,0.0083290045190975,0.579675801709674,0.00198325565339426,0.828877647282668,0.261008070930589,0.151111654547092,0.0963862655311193,0.29160920875993,0.0102994321372313,0.428564147162583,0.00201498823209709,0.677765992735576,0.416593885544392,-0.136954938402653,0.10863825992643,0.249201845572994,0.0818206874165911,0.386156783975646,0.0355511540721758,-0.426263081450973,0.0123299969998445,-0.544512345248419,0.360086677961256,0.511198332508348
"PS_PUFA_4","PS_PUFA_4",0.0476686113160208,0.276585378001684,0.0385218672120344,0.303091322975424,0.0266040685917569,0.338437080707428,0.979682641473794,0.00322761556772552,0.0610352184180466,0.273357762433958,0.0493058349289235,0.299863707407698,0.0350656398200464,0.335209465139702,0.729563674031804,-0.0265059449737402,0.685943370287725,0.0353457577320038,0.454972043929252,0.0618517027057441,0.00423444713657433,-0.258272988463861,0.209013018951401,0.0810056184126559,0.286610734920828,0.289838350488554
"PS_PUFA_5","PS_PUFA_5",0.00171462907346523,0.472367774795455,0.00179318692085456,0.457097303405457,0.000629334326271037,0.547340758841626,0.0925745751722206,0.150996555583416,0.0161567962558749,0.321371219212038,0.0159927742745131,0.306100747822041,0.00586791211047511,0.396344203258209,0.883068579438961,0.0152704713899981,0.284285326893838,0.0902434554361689,0.437369194356199,0.0749729840461709,0.0735331883312929,-0.205433513991601,0.03354756885413,-0.268548923345797,0.313735983517039,0.464732539100456
"PS_PUFA_6","PS_PUFA_6",0.0893139808277855,0.287183719161818,0.799167324625272,0.0281781552826924,0.216379674694549,0.151891417316572,0.981754382653414,-0.0024692676709041,0.0528550415736221,0.289652986832722,0.65123010868287,0.0306474229535966,0.0374615258826472,0.154360684987476,0.0767639017295676,0.259005563879125,0.116905458772605,0.123713262033879,0.285646798994719,-0.135292301845246,0.0158306090825944,-0.434829888324686,0.030012566859063,-0.37443093828459,0.160150204893159,0.157680937222255
"PS_SFA","PS_SFA",0.0362791410781867,0.874817401420851,0.0420991440129386,0.843049325482068,0.0346854280505835,0.969260015204373,0.187828262268558,0.374906336642577,0.0133996918226499,0.499911064778274,0.00847461755936555,0.468142988839491,0.00081247851018305,0.594353678561796,0.854134326730876,0.0317680759387835,0.330879668787565,0.126210689722305,0.563035529915495,0.0944426137835222,0.0289007788055813,-0.422882783101948,0.588757597390134,-0.0980154249255247,0.484027026808883,0.85893336345146
"PS_VeryLongChainFA","PS_VeryLongChainFA",0.0151009965266549,0.748818753080179,0.0328753260729941,0.582892351843207,0.0316085731991121,0.620584809642915,0.166571298992261,0.267984139026188,0.00606419386225647,0.480834614053991,0.013246462045509,0.314908212817019,0.00768976369504089,0.352600670616727,0.222290944444114,0.165926401236972,0.615588600737502,0.0376924577997082,0.300740783191285,-0.128233943437264,0.00886932610733462,-0.472008962973798,0.10588293249927,-0.252398773488319,0.397871413435505,0.665855552461693
"SM_DLinked","SM_DLinked",2.85579556640226e-05,1.10162721894446,1.18113445654935e-05,1.30176824405188,1.45533755107537e-05,1.28329035891887,0.0119795405361543,0.230345714663474,0.000175848787045768,0.871281504280988,0.000125616460613787,1.0714225293884,0.000171976256645191,1.0529446442554,0.187279266881052,-0.200141025107416,0.821274252439639,-0.0184778851330088,0.21370505946029,0.181663139974407,0.0315266475165355,-0.648125363838296,0.00534721330301885,0.872882839790995,0.971352016834694,1.20169773149817
"SM_LongChainFA","SM_LongChainFA",8.40646030352215e-06,1.14363535220065,1.06995959914889e-05,1.2770492223685,1.20213824283585e-05,1.25947824944077,0.00503881918058568,0.264695260865654,8.47325481037423e-05,0.878940091334995,9.6407722706738e-05,1.01235396150284,0.000120825009847499,0.994782988575115,0.287686138596571,-0.133413870167848,0.828365132565386,-0.0175709729277272,0.330868315274093,0.11584289724012,0.0322504549277464,-0.600171480771584,0.003093438307171,0.821248901162083,0.945647026418918,1.21034228728458
"SM_MediumChainFA","SM_MediumChainFA",0.134433203374581,0.458012641687698,0.0402973481628363,0.828197755599164,0.0794682258372976,0.619221874143989,0.0345247950308946,-0.556478174815158,0.00211836368536096,1.01449081650286,0.000942064031229007,1.38467593041432,0.00366031078266724,1.17570004895915,0.101331861930446,-0.370185113911467,0.278491871045288,-0.208975881455175,0.247706874495165,0.161209232456292,0.0113689880427909,-0.640230732136712,0.000479791800124289,-1.68053163810983,1.19958337345859,0.643105198643431
"SM_MUFA","SM_MUFA",2.16371348451818e-05,1.09834731402841,2.01025085200646e-05,1.21338928139427,2.8928266574227e-05,1.22100716694783,0.0286042325786325,0.192665219531568,0.000118118020272286,0.905682094496841,0.000114956901013567,1.0207240618627,0.00017799480582599,1.02834194741627,0.403608572457476,-0.11504196736586,0.93334615522671,0.00761788555356407,0.349823584672735,0.122659852919424,0.0713753364145516,-0.584928386572009,0.00578507691300789,0.75186060702924,0.96320307817977,1.15586829771134
"SM_PUFA","SM_PUFA",5.4994263785772e-05,1.0610483049227,1.38859073469614e-05,1.49993459160039,3.86343926287234e-05,1.40295849976263,0.0639353988890662,0.190374737903264,0.000543213629586108,0.870673567019433,0.000620273826179572,1.30955985369713,0.00101540670346643,1.21258376185937,0.0374759659959103,-0.438886286677695,0.242161306910582,-0.0969760918377616,0.0697902068157868,0.341910194839933,0.0270684555875574,-0.766906863332035,0.00955415101614788,0.763348884161826,1.09011671035828,1.28049144826155
"SM_PUFA_2","SM_PUFA_2",0.000586688728661779,1.42327706721583,0.00124128455359909,0.93234034653513,0.00276895124167368,0.688983987360532,0.0437935113284569,0.325700618100664,0.00187445457665765,1.09757644911517,0.0109994219505654,0.606639728434466,0.0550140554459464,0.363283369259868,0.0514073835053058,0.490936720680705,0.210895646398823,-0.243356359174597,0.010545701962861,-0.734293079855302,0.0178552389713342,-0.357916053174949,0.419561644733037,-0.15715917323205,0.852108088774818,1.17780870687548
"SM_PUFA_3","SM_PUFA_3",0.000104644004296537,1.19617542576345,0.000303503560214083,2.00251603341397,0.000129669540831063,1.93694936903448,0.0483364404688866,0.221580203176482,0.000450427109779396,0.974595222586966,0.000622765630687619,1.78093583023748,0.000315977815252612,1.715369165858,0.00271274444150547,-0.806340607650519,0.439408356563402,-0.065566664379483,0.00106157420197511,0.740773943271036,0.101032306684304,-0.651280804192161,0.000419209991706111,1.12623044728043,1.37776552641222,1.59934572958871
"SM_PUFA_4","SM_PUFA_4",0.013222207909006,0.736357814898116,4.07152772250335e-05,1.07679268966898,0.000294376059076229,1.00278395618994,0.652349830988581,0.0984254867538323,0.0827386086672708,0.637932328144284,0.0361313281961291,0.978367202915148,0.0440807944676905,0.904358469436106,0.237102469071499,-0.340434874770864,0.422679255487955,-0.0740087334790419,0.319761236030803,0.266426141291822,0.128272719380371,-1.05513510897819,0.0391177392565095,0.953681297881609,0.808149765529716,0.906575252283548
"SM_PUFA_5","SM_PUFA_5",0.0027680366339806,0.836643827803344,0.788164473744791,-0.0632116976573746,0.817169154560263,-0.0580352454792867,0.389887433589685,-0.140034263987788,0.00491219291694987,0.976678091791132,0.757556463053199,0.0768225663304137,0.756226583463367,0.0819990185085015,0.0562670936934542,0.899855525460718,0.986668867162561,0.0051764521780877,0.0482931088642715,-0.894679073282631,0.200395940421154,-0.860163262652226,0.149365179354514,-0.313651034184756,0.526750329060773,0.386716065072985
"SM_PUFA_6","SM_PUFA_6",0.0592209761330191,0.465150702414232,0.000826905382391818,2.63280537094926,0.000778277418874394,2.49290353763114,0.304772911680293,0.14158130650039,0.164923570543365,0.323569395913842,0.000929310529297355,2.49122406444887,0.00086722754502521,2.35132223113075,0.00987197681292815,-2.16765466853503,0.115214924154585,-0.139901833318125,0.0104889908366549,2.0277528352169,0.0692582013194709,-0.486756063493614,0.085170549408351,-0.408016364525013,1.40739673018136,1.54897803668175
"SM_SFA","SM_SFA",3.04228827979832e-05,1.140740626078,9.12025709706479e-06,1.36678748598976,5.46423279046543e-06,1.34092506749104,0.00392107719178168,0.290906452450074,0.000245464100046048,0.849834173627926,0.000181728770938401,1.07588103353968,0.000156825122206922,1.05001861504096,0.15661818474678,-0.226046859911757,0.742764164458385,-0.0258624184987216,0.194268296624784,0.200184441413036,0.0186669537237307,-0.674556441099603,0.00424324301244363,1.06462312555252,0.962857603583803,1.25376405603388
"SM_TLinked","SM_TLinked",2.26458498433225e-07,2.22720783933047,1.22267921277155e-06,2.79264027348864,6.16252564761868e-07,2.73030972188353,0.00021756854848103,0.562609653263447,2.96696047474425e-05,1.66459818606702,0.00011825543358765,2.23003062022519,0.000101924509266113,2.16770006862008,0.0452780359345998,-0.565432434158173,0.703093581053537,-0.0623305516051114,0.058525847969867,0.503101882553062,0.00477286251736879,-0.770487428692119,0.00422812261911547,2.3091851648819,1.9473144031461,2.50992405640956
"SM_VeryLongChainFA","SM_VeryLongChainFA",0.00201191028809857,0.969376460324941,1.57378312519409e-05,1.50260220983907,1.19335596198456e-05,1.47821781232894,0.309212085417213,0.098353014237442,0.00250158594922609,0.871023446087499,0.000653117550757316,1.40424919560162,0.000672039866581601,1.3798647980915,0.0896914535081416,-0.533225749514126,0.805562667905522,-0.024384397510122,0.0979343577502558,0.508841352004004,0.0376093157522958,-0.837822302624667,0.0199170897353655,1.16391587565921,1.13763632084456,1.23598933508201
"TG_LongChainFA","TG_LongChainFA",0.948058576263265,-0.0237058940865067,0.00213076814378995,1.94807704691126,0.00176646006645765,1.73229150553138,0.293173468633865,-0.634547941571946,0.327302938285485,0.61084204748544,0.0582505664587575,2.5826249884832,0.0628298113439653,2.36683944710332,0.0434779071621577,-1.97178294099776,0.135254542747263,-0.215785541379882,0.0495161783712168,1.75599739961788,0.215017103268519,-2.0974268335254,0.0351377569979612,2.40251119560825,1.59673351798432,0.962185576412377
"TG_MediumChainFA","TG_MediumChainFA",0.352670962259515,0.385806331400937,0.0303631288805716,1.90218262677832,0.028654520973481,1.96972713879144,0.681083512212566,0.173301188943552,0.597618422712275,0.212505142457385,0.0375676625651497,1.72888143783477,0.0352044335523472,1.79642594984788,0.0244245321434358,-1.51637629537739,0.8076910068729,0.067544512013112,0.0220434847115866,1.5839208073905,0.245857486253352,-1.05204469192363,0.0186315606649692,-1.43045014643514,0.970693290146078,1.14399447908963
"TG_MUFA","TG_MUFA",0.959729224080538,0.0181790923262413,0.00209250372708778,1.98354307180762,0.00169788621744058,1.75089016577656,0.298127017316438,-0.629084466201977,0.308098975220107,0.647263558528218,0.0584418935796008,2.6126275380096,0.0633111630569411,2.37997463197854,0.0438213570958703,-1.96536397948138,0.127095536207698,-0.232652906031059,0.0504912592754624,1.73271107345032,0.214170739595248,-2.16800896244471,0.0316545636815959,2.70236104789935,1.62994554826891,1.00086108206693
"TG_PUFA","TG_PUFA",0.443382769523874,0.277933970607681,0.00417504137701768,1.94684019273504,0.00374104752120746,1.76204430716552,0.331996091457719,-0.55791420897319,0.217028320949955,0.835848179580871,0.0581064693816585,2.50475440170823,0.0621401589491156,2.31995851613871,0.0556662419966725,-1.66890622212736,0.210993936896037,-0.184795885569519,0.0639931843938541,1.48411033655784,0.216734634658084,-2.29406527238732,0.0300878031776737,3.01986493576741,1.67030129064455,1.11238708167136
"TG_PUFA_2","TG_PUFA_2",0.561940508881872,-0.228314792538909,0.000777587547128683,1.95187464351769,0.000512162402367012,1.64527279250778,0.272123977751319,-0.701488026358311,0.43545908420174,0.473173233819401,0.0607309617764037,2.653362669876,0.0675091384098859,2.34676081886609,0.0390884699728689,-2.1801894360566,0.0560277250579484,-0.306601851009916,0.0461355303463873,1.87358758504669,0.205231200309304,-2.10193053359907,0.038029029215364,2.23582793287134,1.5632679518477,0.86177992548939
"TG_PUFA_3","TG_PUFA_3",0.457770206807196,-0.307778665678249,0.000764254493190832,2.00475471853145,0.000709800392271539,1.67076970032882,0.297279728579631,-0.743295590004265,0.504806877601799,0.435516924326015,0.0760677374527678,2.74805030853572,0.0844314764066691,2.41406529033309,0.0373565479816476,-2.3125333842097,0.03213973043011,-0.33398501820263,0.044148391749301,1.97854836600707,0.24017811283352,-1.89090037578061,0.0296709893799371,2.99624045487409,1.59178361643087,0.8484880264266
"TG_PUFA_4","TG_PUFA_4",0.603702176433734,-0.223124319449014,0.00372846586964935,2.02525385539484,0.0037201492352124,1.79610729666828,0.343377782963537,-0.682161202212355,0.505197247672656,0.459036882763341,0.0850103245245871,2.7074150576072,0.091070500564493,2.47826849888064,0.045817077014571,-2.24837817484386,0.131267065522887,-0.229146558726562,0.051141480714095,2.0192316161173,0.253784563545332,-1.94770493542501,0.0294044349748279,4.07359981401065,1.58322597018527,0.901064767972913
"TG_PUFA_5","TG_PUFA_5",0.226624236872166,0.455702704539571,0.00572932170813641,2.00415543414027,0.00530055656779538,1.85341325394592,0.351842777012304,-0.496625258546847,0.163473565069871,0.952327963086417,0.0509245267306264,2.50078069268712,0.0537063542112618,2.35003851249277,0.0622629918893124,-1.5484527296007,0.351290496864363,-0.15074218019435,0.0702751212906879,1.39771054940635,0.213249472418009,-2.3970929142315,0.0313525889872217,2.93611418066768,1.72655432788677,1.22992906933992
"TG_PUFA_6","TG_PUFA_6",0.149185420145328,0.54989973814573,0.00545784626844217,1.89138748536968,0.00492639567579873,1.74783910532633,0.345873760415316,-0.502499411767382,0.139974712894807,1.05239914991311,0.0527115049945081,2.39388689713706,0.0557045069378479,2.25033851709371,0.0775599230533862,-1.34148774722395,0.321766323413797,-0.143548380043347,0.0895413559019737,1.1979393671806,0.207768815695355,-2.49511144858116,0.0310463782223711,3.07520612779438,1.72314302352508,1.2206436117577
"TG_SFA","TG_SFA",0.990374974766979,0.0043237141892687,0.00210494222752113,1.89134571048965,0.00173664868278287,1.71518287659249,0.281795735227711,-0.608266875331906,0.302788056180486,0.612590589521174,0.0514804169179516,2.49961258582155,0.0549762310910265,2.3234497519244,0.0450141920972304,-1.88702199630038,0.196850721129895,-0.176162833897155,0.0503316904701209,1.71085916240323,0.20631214060689,-2.04676698434668,0.0456929996153426,1.85249399394707,1.55610158767136,0.947834712339459
"TG_VeryLongChainFA","TG_VeryLongChainFA",0.158006007309729,0.535994281360016,0.00525149075748144,1.93688057872999,0.00476826644075583,1.78147283466088,0.351863197260569,-0.492779535597903,0.144140937846036,1.02877381695792,0.0516791773993465,2.42966011432789,0.0547999120634399,2.27425237025878,0.0725772502943348,-1.40088629736997,0.301808651355256,-0.155407744069106,0.0841303399137242,1.24547855330086,0.208504390317234,-2.47127238950544,0.0311259985365562,3.0349788615329,1.7292169656429,1.236437430045
